,player_name,pro_id,cbb_id,made_asg
0,Kenyon Martin,martike01,kenyon-martin-1,1.0
1,Stromile Swift,swiftst01,stromile-swift-1,0.0
2,Darius Miles,milesda01,,0.0
3,Marcus Fizer,fizerma01,marcus-fizer-1,0.0
4,Mike Miller,millemi01,mike-miller-1,0.0
5,DerMarr Johnson,johnsde03,dermarr-johnson-1,0.0
6,Chris Mihm,mihmch01,chris-mihm-1,0.0
7,Jamal Crawford,crawfja01,jamal-crawford-1,0.0
8,Joel Przybilla,przybjo01,joel-przybilla-1,0.0
9,Keyon Dooling,doolike01,keyon-dooling-1,0.0
10,Jérôme Moïso,moisoje01,jerome-moiso-1,0.0
11,Etan Thomas,thomaet01,etan-thomas-1,0.0
12,Courtney Alexander,alexaco02,courtney-alexander-1,0.0
13,Mateen Cleaves,cleavma01,mateen-cleaves-1,0.0
14,Jason Collier,collija02,jason-collier-1,0.0
15,Hedo Türkoğlu,turkohe01,,0.0
16,Desmond Mason,masonde01,desmond-mason-1,0.0
17,Quentin Richardson,richaqu01,quentin-richardson-1,0.0
18,Jamaal Magloire,magloja01,jamaal-magloire-1,1.0
19,Speedy Claxton,claxtsp01,speedy-claxton-1,0.0
20,Morris Peterson,petermo01,morris-peterson-1,0.0
21,Donnell Harvey,harvedo01,donnell-harvey-1,0.0
22,DeShawn Stevenson,stevede01,,0.0
23,Dalibor Bagarić,bagarda01,,0.0
24,Jake Tsakalidis,tsakaja01,,0.0
25,Mamadou N'Diaye,ndiayma02,mamadou-ndiaye-1,0.0
26,Primož Brezec,brezepr01,,0.0
27,Erick Barkley,barkler01,erick-barkley-1,0.0
28,Mark Madsen,madsema01,mark-madsen-1,0.0
29,Marko Jarić,jaricma01,,0.0
30,Dan Langhi,langhda01,dan-langhi-1,0.0
31,A.J. Guyton,guytoaj01,aj-guyton-1,0.0
32,Jake Voskuhl,voskuja01,jake-voskuhl-1,0.0
33,Khalid El-Amin,elamikh01,khalid-el-amin-1,0.0
34,Mike Smith,smithmi03,mike-smith-1,0.0
35,Soumaila Samake,samakso01,,0.0
36,Eddie House,houseed01,eddie-house-1,0.0
37,Eduardo Nájera,najered01,eduardo-najera-1,0.0
38,Lavor Postell,postela01,lavor-postell-1,0.0
39,Hanno Möttölä,mottoha01,hanno-mottola-1,0.0
40,Olumide Oyedeji,oyedeol01,,0.0
41,Michael Redd,reddmi01,michael-redd-1,1.0
42,Brian Cardinal,cardibr01,brian-cardinal-1,0.0
43,Jabari Smith,smithja01,jabari-smith-1,0.0
44,Jason Hart,hartja01,jason-hart-1,0.0
45,Kaniel Dickens,dickeka01,kaniel-dickens-1,0.0
46,Igor Rakočević,rakocig01,,0.0
47,Ernest Brown,browner01,,0.0
48,Dan McClintock,mcclida01,dan-mcclintock-1,0.0
49,Chris Porter,portech01,chris-porter-1,0.0
50,Kwame Brown,brownkw01,,0.0
51,Tyson Chandler,chandty01,,1.0
52,Pau Gasol,gasolpa01,,1.0
53,Eddy Curry,curryed01,,0.0
54,Jason Richardson,richaja01,jason-richardson-1,0.0
55,Shane Battier,battish01,shane-battier-1,0.0
56,Eddie Griffin,griffed01,eddie-griffin-1,0.0
57,DeSagana Diop,diopde01,,0.0
58,Rodney White,whitero02,rodney-white-1,0.0
59,Joe Johnson,johnsjo02,joe-johnson-1,1.0
60,Kedrick Brown,brownke01,,0.0
61,Vladimir Radmanović,radmavl01,,0.0
62,Richard Jefferson,jefferi01,richard-jefferson-1,0.0
63,Troy Murphy,murphtr01,troy-murphy-1,0.0
64,Steven Hunter,huntest01,steven-hunter-1,0.0
65,Kirk Haston,hastoki01,kirk-haston-1,0.0
66,Michael Bradley,bradlmi01,michael-bradley-1,0.0
67,Jason Collins,collija04,jason-collins-1,0.0
68,Zach Randolph,randoza01,zach-randolph-1,1.0
69,Brendan Haywood,haywobr01,brendan-haywood-1,0.0
70,Joseph Forte,fortejo01,joseph-forte-1,0.0
71,Jeryl Sasser,sasseje01,jeryl-sasser-1,0.0
72,Brandon Armstrong,armstbr01,brandon-armstrong-1,0.0
73,Raül López,lopezra01,,0.0
74,Gerald Wallace,wallage01,gerald-wallace-1,1.0
75,Samuel Dalembert,dalemsa01,samuel-dalembert-1,0.0
76,Jamaal Tinsley,tinslja01,jamaal-tinsley-1,0.0
77,Tony Parker,parketo01,,1.0
78,Trenton Hassell,hassetr01,trenton-hassell-1,0.0
79,Gilbert Arenas,arenagi01,gilbert-arenas-1,1.0
80,Omar Cook,cookom01,omar-cook-1,0.0
81,Will Solomon,solomwi01,will-solomon-1,0.0
82,Terence Morris,morrite01,terence-morris-1,0.0
83,Brian Scalabrine,scalabr01,brian-scalabrine-1,0.0
84,Jeff Trepagnier,trepaje01,jeff-trepagnier-1,0.0
85,Damone Brown,brownda02,damone-brown-1,0.0
86,Mehmet Okur,okurme01,,1.0
87,Earl Watson,watsoea01,earl-watson-1,0.0
88,Jamison Brewer,breweja01,jamison-brewer-1,0.0
89,Bobby Simmons,simmobo01,bobby-simmons-1,0.0
90,Sean Lampley,lamplse01,sean-lampley-1,0.0
91,Loren Woods,woodslo01,loren-woods-1,0.0
92,Antonis Fotsis,fotsian01,,0.0
93,Ken Johnson,johnske03,ken-johnson-2,0.0
94,Ruben Boumtje-Boumtje,boumtru01,ruben-boumtje-boumtje-1,0.0
95,Alton Ford,fordal02,alton-ford-1,0.0
96,Jarron Collins,collija03,jarron-collins-1,0.0
97,Kenny Satterfield,satteke01,kenny-satterfield-1,0.0
98,Robertas Javtokas,javtoro01,robertas-javtokas-1,0.0
99,Alvin Jones,jonesal01,alvin-jones-1,0.0
100,Yao Ming,mingya01,,1.0
101,Jay Williams,willija03,jay-williams-1,0.0
102,Mike Dunleavy,dunlemi02,mike-dunleavy-2,0.0
103,Drew Gooden,goodedr01,drew-gooden-1,0.0
104,Nikoloz Tskitishvili,tskitni01,,0.0
105,Dajuan Wagner,wagneda02,dajuan-wagner-1,0.0
106,Nenê Hilário,hilarne01,,0.0
107,Chris Wilcox,wilcoch01,chris-wilcox-1,0.0
108,Amar'e Stoudemire,stoudam01,,1.0
109,Caron Butler,butleca01,caron-butler-1,1.0
110,Jared Jeffries,jeffrja01,jared-jeffries-1,0.0
111,Melvin Ely,elyme01,melvin-ely-1,0.0
112,Marcus Haislip,haislma01,marcus-haislip-1,0.0
113,Fred Jones,jonesfr01,fred-jones-1,0.0
114,Boštjan Nachbar,nachbbo01,,0.0
115,Jiří Welsch,welscji01,,0.0
116,Juan Dixon,dixonju01,juan-dixon-1,0.0
117,Curtis Borchardt,borchcu01,curtis-borchardt-1,0.0
118,Ryan Humphrey,humphry01,ryan-humphrey-1,0.0
119,Kareem Rush,rushka01,kareem-rush-1,0.0
120,Qyntel Woods,woodsqy01,,0.0
121,Casey Jacobsen,jacobca01,casey-jacobsen-1,0.0
122,Tayshaun Prince,princta01,tayshaun-prince-1,0.0
123,Nenad Krstić,krstine01,,0.0
124,Frank Williams,willifr02,frank-williams-1,0.0
125,John Salmons,salmojo01,john-salmons-1,0.0
126,Chris Jefferies,jeffech01,chris-jefferies-1,0.0
127,Dan Dickau,dickada01,dan-dickau-1,0.0
128,Roger Mason,masonro01,roger-mason-1,0.0
129,Robert Archibald,archiro01,robert-archibald-1,0.0
130,Vincent Yarbrough,yarbrvi01,vincent-yarbrough-1,0.0
131,Dan Gadzuric,gadzuda01,dan-gadzuric-1,0.0
132,Carlos Boozer,boozeca01,carlos-boozer-1,1.0
133,David Andersen,anderda03,,0.0
134,Tito Maddox,maddoti01,tito-maddox-1,0.0
135,Juan Carlos Navarro,navarju01,,0.0
136,Mario Kasun,kasunma01,,0.0
137,Ronald Murray,murraro01,,0.0
138,Lonny Baxter,baxtelo01,lonny-baxter-1,0.0
139,Matt Barnes,barnema02,matt-barnes-1,0.0
140,Jamal Sampson,sampsja01,jamal-sampson-1,0.0
141,Chris Owens,owensch01,chris-owens-1,0.0
142,Darius Songaila,songada01,darius-songaila-1,0.0
143,Rasual Butler,butlera01,rasual-butler-1,0.0
144,Tamar Slay,slayta01,tamar-slay-1,0.0
145,Luis Scola,scolalu01,,0.0
146,Randy Holcomb,holcora01,randy-holcomb-1,0.0
147,Corsley Edwards,edwarco01,corsley-edwards-1,0.0
148,LeBron James,jamesle01,,1.0
149,Darko Miličić,milicda01,,0.0
150,Carmelo Anthony,anthoca01,carmelo-anthony-1,1.0
151,Chris Bosh,boshch01,chris-bosh-1,1.0
152,Dwyane Wade,wadedw01,dwyane-wade-1,1.0
153,Chris Kaman,kamanch01,chris-kaman-1,1.0
154,Kirk Hinrich,hinriki01,kirk-hinrich-1,0.0
155,T.J. Ford,fordtj01,tj-ford-1,0.0
156,Mike Sweetney,sweetmi01,mike-sweetney-1,0.0
157,Jarvis Hayes,hayesja01,jarvis-hayes-1,0.0
158,Mickaël Piétrus,pietrmi01,,0.0
159,Nick Collison,collini01,nick-collison-1,0.0
160,Marcus Banks,banksma01,marcus-banks-1,0.0
161,Luke Ridnour,ridnolu01,luke-ridnour-1,0.0
162,Reece Gaines,gainere01,reece-gaines-1,0.0
163,Troy Bell,belltr01,troy-bell-1,0.0
164,Žarko Čabarkapa,cabarza01,,0.0
165,David West,westda01,david-west-1,1.0
166,Sasha Pavlović,pavloal01,,0.0
167,Dahntay Jones,jonesda02,dahntay-jones-1,0.0
168,Boris Diaw,diawbo01,,0.0
169,Zoran Planinić,planizo01,,0.0
170,Travis Outlaw,outlatr01,,0.0
171,Brian Cook,cookbr01,brian-cook-1,0.0
172,Carlos Delfino,delfica01,,0.0
173,Ndudi Ebi,ebind01,,0.0
174,Kendrick Perkins,perkike01,,0.0
175,Leandro Barbosa,barbole01,,0.0
176,Josh Howard,howarjo01,josh-howard-1,1.0
177,Maciej Lampe,lampema01,,0.0
178,Jason Kapono,kaponja01,jason-kapono-1,0.0
179,Luke Walton,waltolu01,luke-walton-1,0.0
180,Jerome Beasley,beaslje01,,0.0
181,Sofoklis Schortsanitis,schorso01,,0.0
182,Szymon Szewczyk,szewcsz01,,0.0
183,Mario Austin,austima01,mario-austin-1,0.0
184,Travis Hansen,hansetr01,travis-hansen-1,0.0
185,Steve Blake,blakest01,steve-blake-1,0.0
186,Slavko Vraneš,vranesl01,,0.0
187,Derrick Zimmerman,zimmede01,derrick-zimmerman-1,0.0
188,Willie Green,greenwi01,willie-green-1,0.0
189,Zaza Pachulia,pachuza01,,0.0
190,Keith Bogans,boganke01,keith-bogans-1,0.0
191,Matt Bonner,bonnema01,matt-bonner-1,0.0
192,Sani Bečirovič,becirsa01,,0.0
193,Mo Williams,willima01,mo-williams-1,1.0
194,James Lang,langja01,,0.0
195,James Jones,jonesja02,james-jones-1,0.0
196,Paccelis Morlende,morlepa01,,0.0
197,Kyle Korver,korveky01,kyle-korver-1,1.0
198,Nedžad Sinanović,sinanne01,,0.0
199,Brandon Hunter,huntebr01,brandon-hunter-1,0.0
200,Xue Yuyang,yuyanxu01,,0.0
201,Andreas Glyniadakis,glynian01,,0.0
202,Dwight Howard,howardw01,,1.0
203,Emeka Okafor,okafoem01,emeka-okafor-1,0.0
204,Ben Gordon,gordobe01,ben-gordon-1,0.0
205,Shaun Livingston,livinsh01,,0.0
206,Devin Harris,harride01,devin-harris-1,1.0
207,Josh Childress,childjo01,josh-childress-1,0.0
208,Luol Deng,denglu01,luol-deng-1,1.0
209,Rafael Araújo,araujra01,rafael-araujo-1,0.0
210,Andre Iguodala,iguodan01,andre-iguodala-1,1.0
211,Luke Jackson,jackslu02,luke-jackson-1,1.0
212,Andris Biedriņš,biedran01,,0.0
213,Robert Swift,swiftro01,,0.0
214,Sebastian Telfair,telfase01,,0.0
215,Kris Humphries,humphkr01,kris-humphries-1,0.0
216,Al Jefferson,jeffeal01,,0.0
217,Kirk Snyder,snydeki01,kirk-snyder-1,0.0
218,Josh Smith,smithjo03,,0.0
219,J.R. Smith,smithjr01,,0.0
220,Dorell Wright,wrighdo01,,0.0
221,Jameer Nelson,nelsoja01,jameer-nelson-1,1.0
222,Pavel Podkolzin,podkopa01,,0.0
223,Viktor Khryapa,khryavi01,,0.0
224,Sergei Monia,moniase01,,0.0
225,Delonte West,westde01,delonte-west-1,0.0
226,Tony Allen,allento01,tony-allen-1,0.0
227,Kevin Martin,martike02,kevin-martin-1,0.0
228,Sasha Vujačić,vujacsa01,,0.0
229,Beno Udrih,udrihbe01,,0.0
230,David Harrison,harrida01,david-harrison-1,0.0
231,Anderson Varejão,varejan01,,0.0
232,Jackson Vroman,vromaja01,jackson-vroman-1,0.0
233,Peter John Ramos,ramospe01,,0.0
234,Lionel Chalmers,chalmli01,lionel-chalmers-1,0.0
235,Donta Smith,smithdo04,,0.0
236,Andre Emmett,emmetan01,andre-emmett-1,0.0
237,Antonio Burks,burksan01,antonio-burks-1,0.0
238,Royal Ivey,iveyro01,royal-ivey-1,0.0
239,Chris Duhon,duhonch01,chris-duhon-1,0.0
240,Albert Miralles,miralal01,,0.0
241,Justin Reed,reedju01,justin-reed-1,0.0
242,Viktor Sanikidze,sanikvi01,,0.0
243,Trevor Ariza,arizatr01,trevor-ariza-1,0.0
244,Bernard Robinson,robinbe01,bernard-robinson-1,0.0
245,Ha Seung-Jin,seungha01,,0.0
246,Pape Sow,sowpa01,pape-sow-1,0.0
247,Sergei Lishouk,lishcse01,,0.0
248,Vassilis Spanoulis,spanova01,,0.0
249,Matt Freije,freijma01,matt-freije-1,0.0
250,Luis Flores,florelu01,luis-flores-1,0.0
251,Sergei Karaulov,karause01,,0.0
252,Andrew Bogut,bogutan01,andrew-bogut-1,0.0
253,Marvin Williams,willima02,marvin-williams-1,0.0
254,Deron Williams,willide01,deron-williams-1,1.0
255,Chris Paul,paulch01,chris-paul-1,1.0
256,Raymond Felton,feltora01,raymond-felton-1,0.0
257,Martell Webster,webstma02,,0.0
258,Charlie Villanueva,villach01,charlie-villanueva-1,0.0
259,Channing Frye,fryech01,channing-frye-1,0.0
260,Ike Diogu,dioguik01,ike-diogu-1,0.0
261,Andrew Bynum,bynuman01,,1.0
262,Fran Vázquez,vazqufr01,,0.0
263,Yaroslav Korolev,korolya01,,0.0
264,Sean May,mayse01,sean-may-1,0.0
265,Rashad McCants,mccanra01,rashad-mccants-1,0.0
266,Antoine Wright,wrighan01,antoine-wright-1,0.0
267,Joey Graham,grahajo01,joey-graham-1,0.0
268,Danny Granger,grangda01,danny-granger-1,1.0
269,Gerald Green,greenge01,,0.0
270,Hakim Warrick,warriha01,hakim-warrick-1,0.0
271,Julius Hodge,hodgeju01,julius-hodge-1,0.0
272,Nate Robinson,robinna01,nate-robinson-1,0.0
273,Jarrett Jack,jackja01,jarrett-jack-1,0.0
274,Francisco García,garcifr01,francisco-garcia-1,0.0
275,Luther Head,headlu01,luther-head-1,0.0
276,Johan Petro,petrojo01,,0.0
277,Jason Maxiell,maxieja01,jason-maxiell-1,0.0
278,Linas Kleiza,kleizli01,linas-kleiza-1,0.0
279,Ian Mahinmi,mahinia01,,0.0
280,Wayne Simien,simiewa01,wayne-simien-1,0.0
281,David Lee,leeda02,david-lee-1,1.0
282,Salim Stoudamire,stoudsa01,salim-stoudamire-1,0.0
283,Daniel Ewing,ewingda01,daniel-ewing-1,0.0
284,Brandon Bass,bassbr01,brandon-bass-1,0.0
285,C.J. Miles,milescj01,,0.0
286,Ersan İlyasova,ilyaser01,,0.0
287,Ronny Turiaf,turiaro01,ronny-turiaf-1,0.0
288,Travis Diener,dienetr01,travis-diener-1,0.0
289,Von Wafer,wafervo01,von-wafer-1,0.0
290,Monta Ellis,ellismo01,,0.0
291,Roko Ukić,ukicro01,,0.0
292,Chris Taft,taftch01,chris-taft-1,0.0
293,Mile Ilić,ilicmi01,,0.0
294,Martynas Andriuškevičius,andrima01,,0.0
295,Lou Williams,willilo02,,0.0
296,Erazem Lorbek,lorbeer01,erazem-lorbek-1,0.0
297,Bracey Wright,wrighbr02,bracey-wright-1,0.0
298,Mickaël Gelabale,gelabmi01,,0.0
299,Andray Blatche,blatcan01,,0.0
300,Ryan Gomes,gomesry01,ryan-gomes-1,0.0
301,Robert Whaley,whalero01,robert-whaley-1,0.0
302,Axel Hervelle,herveax01,,0.0
303,Orien Greene,greenor01,orien-greene-1,0.0
304,Dijon Thompson,thompdi01,dijon-thompson-1,0.0
305,Lawrence Roberts,roberla01,lawrence-roberts-1,0.0
306,Amir Johnson,johnsam01,,0.0
307,Marcin Gortat,gortama01,,0.0
308,Uroš Slokar,slokaur01,,0.0
309,Cenk Akyol,akyolce01,,0.0
310,Alex Acker,ackeral01,alex-acker-1,0.0
311,Andrea Bargnani,bargnan01,,0.0
312,LaMarcus Aldridge,aldrila01,lamarcus-aldridge-1,1.0
313,Adam Morrison,morriad01,adam-morrison-1,0.0
314,Tyrus Thomas,thomaty01,tyrus-thomas-1,0.0
315,Shelden Williams,willish02,shelden-williams-1,0.0
316,Brandon Roy,roybr01,brandon-roy-1,1.0
317,Randy Foye,foyera01,randy-foye-1,0.0
318,Rudy Gay,gayru01,rudy-gay-1,0.0
319,Patrick O'Bryant,obryapa01,patrick-obryant-1,0.0
320,Mouhamed Sene,senesa01,,0.0
321,J.J. Redick,redicjj01,jj-redick-1,0.0
322,Hilton Armstrong,armsthi01,hilton-armstrong-1,0.0
323,Thabo Sefolosha,sefolth01,,0.0
324,Ronnie Brewer,brewero02,ronnie-brewer-1,0.0
325,Cedric Simmons,simmoce01,cedric-simmons-1,0.0
326,Rodney Carney,carnero01,rodney-carney-1,0.0
327,Shawne Williams,willish03,shawne-williams-1,0.0
328,Oleksiy Pecherov,pecheol01,,0.0
329,Quincy Douby,doubyqu01,quincy-douby-1,0.0
330,Renaldo Balkman,balkmre01,renaldo-balkman-1,0.0
331,Rajon Rondo,rondora01,rajon-rondo-1,1.0
332,Marcus Williams,willima03,marcus-williams-1,0.0
333,Josh Boone,boonejo01,josh-boone-1,0.0
334,Kyle Lowry,lowryky01,kyle-lowry-1,1.0
335,Shannon Brown,brownsh01,shannon-brown-1,0.0
336,Jordan Farmar,farmajo01,jordan-farmar-1,0.0
337,Sergio Rodríguez,rodrise01,,0.0
338,Maurice Ager,agerma01,maurice-ager-1,0.0
339,Mardy Collins,collima01,mardy-collins-1,0.0
340,Joel Freeland,freeljo01,,0.0
341,James White,whiteja02,james-white-1,0.0
342,Steve Novak,novakst01,steve-novak-1,0.0
343,Solomon Jones,jonesso01,solomon-jones-1,0.0
344,Paul Davis,davispa01,paul-davis-1,0.0
345,P.J. Tucker,tuckepj01,pj-tucker-1,0.0
346,Craig Smith,smithcr01,craig-smith-1,0.0
347,Bobby Jones,jonesbo02,bobby-jones-2,1.0
348,Kosta Perović,perovko01,,0.0
349,David Noel,noelda01,david-noel-1,0.0
350,James Augustine,augusja01,james-augustine-1,0.0
351,Daniel Gibson,gibsoda01,daniel-gibson-1,0.0
352,Marcus Vinicius,vincima01,,0.0
353,Lior Eliyahu,eliyali01,,0.0
354,Alexander Johnson,johnsal01,alexander-johnson-1,0.0
355,Dee Brown,brownde03,dee-brown-2,0.0
356,Paul Millsap,millspa01,paul-millsap-1,1.0
357,Vladimir Veremeenko,veremvl01,,0.0
358,Leon Powe,powele01,leon-powe-1,0.0
359,Ryan Hollins,holliry01,ryan-hollins-1,0.0
360,Cheikh Samb,sambch01,,0.0
361,Guillermo Díaz,diazgu01,guillermo-diaz-1,0.0
362,Yotam Halperin,halpeyo01,,0.0
363,Hassan Adams,adamsha01,hassan-adams-1,0.0
364,Ejike Ugboaja,ugboaej01,,0.0
365,Edin Bavčić,bavcied01,,0.0
366,Damir Markota,markoda01,,0.0
367,Will Blalock,blalowi01,will-blalock-1,0.0
368,Greg Oden,odengr01,greg-oden-1,0.0
369,Kevin Durant,duranke01,kevin-durant-1,1.0
370,Al Horford,horfoal01,al-horford-1,1.0
371,Mike Conley,conlemi01,mike-conley-1,0.0
372,Jeff Green,greenje02,jeff-green-1,0.0
373,Yi Jianlian,jianlyi01,,0.0
374,Corey Brewer,breweco01,corey-brewer-1,0.0
375,Brandan Wright,wrighbr03,brandan-wright-1,0.0
376,Joakim Noah,noahjo01,joakim-noah-1,1.0
377,Spencer Hawes,hawessp01,spencer-hawes-1,0.0
378,Acie Law,lawac01,acie-law-1,0.0
379,Thaddeus Young,youngth01,thaddeus-young-1,0.0
380,Julian Wright,wrighju01,julian-wright-1,0.0
381,Al Thornton,thornal01,al-thornton-1,0.0
382,Rodney Stuckey,stuckro01,rodney-stuckey-1,0.0
383,Nick Young,youngni01,nick-young-1,0.0
384,Sean Williams,willise01,sean-williams-1,0.0
385,Marco Belinelli,belinma01,,0.0
386,Javaris Crittenton,crittja01,javaris-crittenton-1,0.0
387,Jason Smith,smithja02,jason-smith-1,0.0
388,Daequan Cook,cookda02,daequan-cook-1,0.0
389,Jared Dudley,dudleja01,jared-dudley-1,0.0
390,Wilson Chandler,chandwi01,wilson-chandler-1,0.0
391,Rudy Fernández,fernaru01,rudy-fernandez-1,0.0
392,Morris Almond,almonmo01,morris-almond-1,0.0
393,Aaron Brooks,brookaa01,aaron-brooks-1,0.0
394,Arron Afflalo,afflaar01,arron-afflalo-1,0.0
395,Tiago Splitter,splitti01,,0.0
396,Alando Tucker,tuckeal02,alando-tucker-1,0.0
397,Petteri Koponen,koponpe01,,0.0
398,Carl Landry,landrca01,carl-landry-1,0.0
399,Gabe Pruitt,pruitga01,gabe-pruitt-1,0.0
400,Marcus Williams,willima04,marcus-williams-2,0.0
401,Nick Fazekas,fazekni01,nick-fazekas-1,0.0
402,Glen Davis,davisgl01,glen-davis-1,0.0
403,Jermareo Davidson,davidje01,jermareo-davidson-1,0.0
404,Josh McRoberts,mcrobjo01,josh-mcroberts-1,0.0
405,Kyrylo Fesenko,fesenky01,,0.0
406,Stanko Barać,baracst01,,0.0
407,Sun Yue,yuesu01,,0.0
408,Chris Richard,richach01,chris-richard-1,0.0
409,Derrick Byars,byarsde01,derrick-byars-1,0.0
410,Stéphane Lasme,lasmest01,stephane-lasme-1,0.0
411,Dominic McGuire,mcguido01,dominic-mcguire-1,0.0
412,Marc Gasol,gasolma01,,1.0
413,Aaron Gray,grayaa01,aaron-gray-1,0.0
414,Renaldas Seibutis,seibure01,,0.0
415,JamesOn Curry,curryja01,jameson-curry-1,0.0
416,Taurean Green,greenta01,taurean-green-1,0.0
417,Demetris Nichols,nichode01,demetris-nichols-1,0.0
418,Brad Newley,newlebr01,,0.0
419,Ramon Sessions,sessira01,ramon-sessions-1,0.0
420,Georgios Printezis,printgi01,,0.0
421,D.J. Strawberry,strawdj01,dj-strawberry-1,0.0
422,Milovan Raković,rakovmi01,,0.0
423,Derrick Rose,rosede01,derrick-rose-1,1.0
424,Michael Beasley,beaslmi01,michael-beasley-1,0.0
425,O.J. Mayo,mayooj01,oj-mayo-1,0.0
426,Russell Westbrook,westbru01,russell-westbrook-1,1.0
427,Kevin Love,loveke01,kevin-love-1,1.0
428,Danilo Gallinari,gallida01,,0.0
429,Eric Gordon,gordoer01,eric-gordon-1,0.0
430,Joe Alexander,alexajo01,joe-alexander-1,0.0
431,D.J. Augustin,augusdj01,dj-augustin-1,0.0
432,Brook Lopez,lopezbr01,brook-lopez-1,1.0
433,Jerryd Bayless,bayleje01,jerryd-bayless-1,0.0
434,Jason Thompson,thompja02,jason-thompson-1,0.0
435,Brandon Rush,rushbr01,brandon-rush-1,0.0
436,Anthony Randolph,randoan01,anthony-randolph-1,0.0
437,Robin Lopez,lopezro01,robin-lopez-1,0.0
438,Marreese Speights,speigma01,marreese-speights-1,0.0
439,Roy Hibbert,hibbero01,roy-hibbert-1,1.0
440,JaVale McGee,mcgeeja01,javale-mcgee-1,0.0
441,J.J. Hickson,hicksjj01,jj-hickson-1,0.0
442,Alexis Ajinça,ajincal01,,0.0
443,Ryan Anderson,anderry01,ryan-anderson-1,0.0
444,Courtney Lee,leeco01,courtney-lee-1,0.0
445,Kosta Koufos,koufoko01,kosta-koufos-1,0.0
446,Serge Ibaka,ibakase01,,0.0
447,Nicolas Batum,batumni01,,0.0
448,George Hill,hillge01,george-hill-1,0.0
449,Darrell Arthur,arthuda01,darrell-arthur-1,0.0
450,Donté Greene,greendo01,donte-greene-1,0.0
451,D.J. White,whitedj01,dj-white-1,0.0
452,J.R. Giddens,giddejr01,jr-giddens-1,0.0
453,Nikola Peković,pekovni01,,0.0
454,Walter Sharpe,sharpwa01,walter-sharpe-1,0.0
455,Joey Dorsey,dorsejo01,joey-dorsey-1,0.0
456,Mario Chalmers,chalmma01,mario-chalmers-1,0.0
457,DeAndre Jordan,jordade01,deandre-jordan-1,1.0
458,Ömer Aşık,asikom01,,0.0
459,Luc Mbah a Moute,mbahalu01,luc-richard-mbah-a-moute-1,0.0
460,Kyle Weaver,weaveky01,kyle-weaver-1,0.0
461,Sonny Weems,weemsso01,sonny-weems-1,0.0
462,Chris Douglas-Roberts,douglch01,chris-douglas-roberts-1,0.0
463,Nathan Jawai,jawaina01,,0.0
464,Sean Singletary,singlse01,sean-singletary-1,0.0
465,Patrick Ewing,ewingpa02,pat-ewing-1,1.0
466,Ante Tomić,tomican01,,0.0
467,Goran Dragić,dragigo01,,1.0
468,Henry Walker,walkebi01,bill-walker-1,0.0
469,Malik Hairston,hairsma01,malik-hairston-1,0.0
470,DeVon Hardin,hardide01,devon-hardin-1,0.0
471,Darnell Jackson,jacksda01,darnell-jackson-1,0.0
472,Tadija Dragićević,dragita01,,0.0
473,Maarty Leunen,leunema01,maarty-leunen-1,0.0
474,Mike Taylor,taylomi01,mike-taylor-1,0.0
475,Sasha Kaun,kaunsa01,sasha-kaun-1,0.0
476,Joe Crawford,crawfjo01,joe-crawford-1,0.0
477,Semih Erden,erdense01,,0.0
478,Blake Griffin,griffbl01,blake-griffin-1,1.0
479,Hasheem Thabeet,thabeha01,hasheem-thabeet-1,0.0
480,James Harden,hardeja01,james-harden-1,1.0
481,Tyreke Evans,evansty01,tyreke-evans-1,0.0
482,Ricky Rubio,rubiori01,,0.0
483,Jonny Flynn,flynnjo01,jonny-flynn-1,0.0
484,Stephen Curry,curryst01,stephen-curry-1,1.0
485,Jordan Hill,hilljo01,jordan-hill-1,0.0
486,DeMar DeRozan,derozde01,demar-derozan-1,1.0
487,Brandon Jennings,jennibr01,,0.0
488,Terrence Williams,willite01,terrence-williams-1,0.0
489,Gerald Henderson,hendege02,gerald-henderson-2,0.0
490,Tyler Hansbrough,hansbty01,tyler-hansbrough-1,0.0
491,Earl Clark,clarkea01,earl-clark-1,0.0
492,Austin Daye,dayeau01,austin-daye-1,0.0
493,James Johnson,johnsja01,james-johnson-2,0.0
494,Jrue Holiday,holidjr01,jrue-holiday-1,1.0
495,Ty Lawson,lawsoty01,ty-lawson-1,0.0
496,Jeff Teague,teaguje01,jeff-teague-1,1.0
497,Eric Maynor,maynoer01,eric-maynor-1,0.0
498,Darren Collison,collida01,darren-collison-1,0.0
499,Victor Claver,clavevi01,,0.0
500,Omri Casspi,casspom01,,0.0
501,Byron Mullens,mulleby01,bj-mullens-1,0.0
502,Rodrigue Beaubois,beaubro01,,0.0
503,Taj Gibson,gibsota01,taj-gibson-1,0.0
504,DeMarre Carroll,carrode01,demarre-carroll-1,0.0
505,Wayne Ellington,ellinwa01,wayne-ellington-1,0.0
506,Toney Douglas,douglto01,toney-douglas-1,0.0
507,Christian Eyenga,eyengch01,,0.0
508,Jeff Ayres,pendeje02,jeff-pendergraph-1,0.0
509,Jermaine Taylor,tayloje02,jermaine-taylor-1,0.0
510,Dante Cunningham,cunnida01,dante-cunningham-1,0.0
511,Sergio Llull,llullse01,,0.0
512,DaJuan Summers,summeda01,dajuan-summers-1,0.0
513,Sam Young,youngsa01,sam-young-1,0.0
514,DeJuan Blair,blairde01,dejuan-blair-1,0.0
515,Jon Brockman,brockjo01,jon-brockman-1,0.0
516,Jonas Jerebko,jerebjo01,,0.0
517,Derrick Brown,brownde04,derrick-brown-1,0.0
518,Jodie Meeks,meeksjo01,jodie-meeks-1,0.0
519,Patrick Beverley,beverpa01,patrick-beverley-1,0.0
520,Marcus Thornton,thornma01,marcus-thornton-1,0.0
521,Chase Budinger,budinch01,chase-budinger-1,0.0
522,Nick Calathes,calatni01,nick-calathes-1,0.0
523,Danny Green,greenda02,danny-green-1,0.0
524,Henk Norel,norelhe01,,0.0
525,Taylor Griffin,griffta01,taylor-griffin-1,0.0
526,Sergiy Gladyr,gladyse01,,0.0
527,A.J. Price,priceaj01,aj-price-1,0.0
528,Nando De Colo,decolna01,,0.0
529,Patty Mills,millspa02,patrick-mills-1,0.0
530,Emir Preldžić,preldem01,,0.0
531,Lester Hudson,hudsole01,lester-hudson-1,0.0
532,Chinemelu Elonu,elonuch01,chinemelu-elonu-1,0.0
533,John Wall,walljo01,john-wall-1,1.0
534,Evan Turner,turneev01,evan-turner-1,0.0
535,Derrick Favors,favorde01,derrick-favors-1,0.0
536,Wesley Johnson,johnswe01,wes-johnson-1,0.0
537,DeMarcus Cousins,couside01,demarcus-cousins-1,1.0
538,Ekpe Udoh,udohek01,ekpe-udoh-1,0.0
539,Greg Monroe,monrogr01,greg-monroe-1,0.0
540,Al-Farouq Aminu,aminual01,al-farouq-aminu-1,0.0
541,Gordon Hayward,haywago01,gordon-hayward-1,1.0
542,Paul George,georgpa01,paul-george-1,1.0
543,Cole Aldrich,aldrico01,cole-aldrich-1,0.0
544,Xavier Henry,henryxa01,xavier-henry-1,0.0
545,Ed Davis,davised01,ed-davis-1,0.0
546,Patrick Patterson,pattepa01,patrick-patterson-1,0.0
547,Larry Sanders,sandela01,larry-sanders-1,0.0
548,Luke Babbitt,babbilu01,luke-babbitt-1,0.0
549,Kevin Séraphin,serapke01,,0.0
550,Eric Bledsoe,bledser01,eric-bledsoe-1,0.0
551,Avery Bradley,bradlav01,avery-bradley-1,0.0
552,James Anderson,anderja01,james-anderson-3,0.0
553,Craig Brackins,brackcr01,craig-brackins-1,0.0
554,Elliot Williams,williel01,elliot-williams-1,0.0
555,Trevor Booker,booketr01,trevor-booker-1,0.0
556,Damion James,jamesda01,damion-james-1,0.0
557,Dominique Jones,jonesdo02,dominique-jones-1,0.0
558,Quincy Pondexter,pondequ01,quincy-pondexter-1,0.0
559,Jordan Crawford,crawfjo02,jordan-crawford-1,0.0
560,Greivis Vásquez,vasqugr01,greivis-vasquez-1,0.0
561,Daniel Orton,ortonda01,daniel-orton-1,0.0
562,Lazar Hayward,haywala01,lazar-hayward-1,0.0
563,Tibor Pleiß,pleisti01,,0.0
564,Dexter Pittman,pittmde01,dexter-pittman-1,0.0
565,Hassan Whiteside,whiteha01,hassan-whiteside-1,0.0
566,Armon Johnson,johnsar02,armon-johnson-1,0.0
567,Nemanja Bjelica,bjeline01,,0.0
568,Darington Hobson,hobsoda01,darington-hobson-1,0.0
569,Andy Rautins,rautian01,andy-rautins-1,0.0
570,Landry Fields,fieldla01,landry-fields-1,0.0
571,Lance Stephenson,stephla01,lance-stephenson-1,0.0
572,Jarvis Varnado,varnaja01,jarvis-varnado-1,0.0
573,Devin Ebanks,ebankde01,devin-ebanks-1,0.0
574,Jerome Jordan,jordaje01,jerome-jordan-1,0.0
575,Paulo Prestes,prestpa01,,0.0
576,Gani Lawal,lawalga01,gani-lawal-1,0.0
577,Latavious Williams,willila01,,0.0
578,Ryan Richards,richary01,,0.0
579,Solomon Alabi,alabiso01,solomon-alabi-1,0.0
580,Luke Harangody,haranlu01,luke-harangody-1,0.0
581,Pape Sy,sypa01,,0.0
582,Willie Warren,warrewi01,willie-warren-1,0.0
583,Jeremy Evans,evansje01,jeremy-evans-1,0.0
584,Hamady N'Diaye,ndiayha01,hamady-ndiaye-1,0.0
585,Ryan Reid,reidry01,ryan-reid-1,0.0
586,Derrick Caracter,caracde01,derrick-caracter-1,0.0
587,Dwayne Collins,collidw01,dwayne-collins-1,0.0
588,Kyrie Irving,irvinky01,kyrie-irving-1,1.0
589,Derrick Williams,willide02,derrick-williams-2,0.0
590,Enes Kanter,kanteen01,,0.0
591,Tristan Thompson,thomptr01,tristan-thompson-2,0.0
592,Jonas Valančiūnas,valanjo01,,0.0
593,Jan Veselý,veselja01,,0.0
594,Bismack Biyombo,biyombi01,,0.0
595,Brandon Knight,knighbr03,brandon-knight-1,0.0
596,Kemba Walker,walkeke02,kemba-walker-1,1.0
597,Jimmer Fredette,fredeji01,jimmer-fredette-1,0.0
598,Klay Thompson,thompkl01,klay-thompson-1,1.0
599,Alec Burks,burksal01,alec-burks-1,0.0
600,Markieff Morris,morrima02,markieff-morris-1,0.0
601,Marcus Morris,morrima03,marcus-morris-1,0.0
602,Kawhi Leonard,leonaka01,kawhi-leonard-1,1.0
603,Nikola Vučević,vucevni01,nikola-vucevic-1,1.0
604,Iman Shumpert,shumpim01,iman-shumpert-1,0.0
605,Chris Singleton,singlch01,chris-singleton-1,0.0
606,Tobias Harris,harrito02,tobias-harris-1,0.0
607,Donatas Motiejūnas,motiedo01,,0.0
608,Nolan Smith,smithno01,nolan-smith-1,0.0
609,Kenneth Faried,farieke01,kenneth-faried-1,0.0
610,Nikola Mirotić,mirotni01,,0.0
611,Reggie Jackson,jacksre01,reggie-jackson-1,0.0
612,MarShon Brooks,brookma01,marshon-brooks-1,0.0
613,Jordan Hamilton,hamiljo02,jordan-hamilton-2,0.0
614,JaJuan Johnson,johnsja02,jajuan-johnson-1,0.0
615,Norris Cole,coleno01,norris-cole-1,0.0
616,Cory Joseph,josepco01,cory-joseph-1,0.0
617,Jimmy Butler,butleji01,jimmy-butler-1,1.0
618,Bojan Bogdanović,bogdabo02,,0.0
619,Justin Harper,harpeju01,justin-harper-1,0.0
620,Kyle Singler,singlky01,kyle-singler-1,0.0
621,Shelvin Mack,macksh01,shelvin-mack-1,0.0
622,Tyler Honeycutt,honeyty01,tyler-honeycutt-1,0.0
623,Jordan Williams,willijo03,jordan-williams-1,0.0
624,Trey Thompkins,thomptr02,trey-thompkins-1,0.0
625,Chandler Parsons,parsoch01,chandler-parsons-1,0.0
626,Jeremy Tyler,tylerje01,,0.0
627,Jon Leuer,leuerjo01,jon-leuer-1,0.0
628,Darius Morris,morrida01,darius-morris-1,0.0
629,Dāvis Bertāns,bertada01,,0.0
630,Malcolm Lee,leema01,malcolm-lee-1,0.0
631,Charles Jenkins,jenkich01,charles-jenkins-1,0.0
632,Josh Harrellson,harrejo01,josh-harrellson-1,0.0
633,Andrew Goudelock,goudean01,andrew-goudelock-1,0.0
634,Travis Leslie,leslitr01,travis-leslie-1,0.0
635,Keith Benson,bensoke02,keith-benson-1,0.0
636,Josh Selby,selbyjo01,josh-selby-1,0.0
637,Lavoy Allen,allenla01,lavoy-allen-1,0.0
638,Jon Diebler,diebljo01,jon-diebler-1,0.0
639,Vernon Macklin,macklve01,vernon-macklin-1,0.0
640,DeAndre Liggins,liggide01,deandre-liggins-1,0.0
641,Milan Mačvan,macvami01,,0.0
642,E'Twaun Moore,mooreet01,etwaun-moore-1,0.0
643,Chukwudiebere Maduabum,maduach01,,0.0
644,Ater Majok,majokat01,ater-majok-1,0.0
645,Ádám Hanga,hangaad01,,0.0
646,Isaiah Thomas,thomais02,isaiah-thomas-1,1.0
647,Anthony Davis,davisan02,anthony-davis-5,1.0
648,Michael Kidd-Gilchrist,kiddgmi01,michael-kidd-gilchrist-1,0.0
649,Bradley Beal,bealbr01,bradley-beal-1,1.0
650,Dion Waiters,waitedi01,dion-waiters-1,0.0
651,Thomas Robinson,robinth01,thomas-robinson-2,0.0
652,Damian Lillard,lillada01,damian-lillard-1,1.0
653,Harrison Barnes,barneha02,harrison-barnes-1,0.0
654,Terrence Ross,rosste01,terrence-ross-1,0.0
655,Andre Drummond,drumman01,andre-drummond-1,1.0
656,Austin Rivers,riverau01,austin-rivers-1,0.0
657,Meyers Leonard,leoname01,meyers-leonard-1,0.0
658,Jeremy Lamb,lambje01,jeremy-lamb-1,0.0
659,Kendall Marshall,marshke01,kendall-marshall-1,0.0
660,John Henson,hensojo01,john-henson-1,0.0
661,Maurice Harkless,harklma01,maurice-harkless-1,0.0
662,Royce White,whitero03,royce-white-1,0.0
663,Tyler Zeller,zellety01,tyler-zeller-1,0.0
664,Terrence Jones,joneste01,terrence-jones-1,0.0
665,Andrew Nicholson,nichoan01,andrew-nicholson-1,0.0
666,Evan Fournier,fournev01,,0.0
667,Jared Sullinger,sullija01,jared-sullinger-1,0.0
668,Fab Melo,melofa01,fab-melo-1,0.0
669,John Jenkins,jenkijo01,john-jenkins-1,0.0
670,Jared Cunningham,cunnija01,jared-cunningham-2,0.0
671,Tony Wroten,wroteto01,tony-wroten-1,0.0
672,Miles Plumlee,plumlmi01,miles-plumlee-1,0.0
673,Arnett Moultrie,moultar01,arnett-moultrie-1,0.0
674,Perry Jones,jonespe01,perry-jones-1,0.0
675,Marquis Teague,teaguma01,marquis-teague-1,0.0
676,Festus Ezeli,ezelife01,festus-ezeli-1,0.0
677,Jeffery Taylor,tayloje03,jeffery-taylor-1,0.0
678,Tomáš Satoranský,satorto01,,0.0
679,Bernard James,jamesbe01,bernard-james--1,0.0
680,Jae Crowder,crowdja01,jae-crowder-1,0.0
681,Draymond Green,greendr01,draymond-green-1,1.0
682,Orlando Johnson,johnsor01,orlando-johnson-1,0.0
683,Quincy Acy,acyqu01,quincy-acy-1,0.0
684,Quincy Miller,millequ01,quincy-miller-1,0.0
685,Khris Middleton,middlkh01,khris-middleton-1,1.0
686,Will Barton,bartowi01,will-barton-1,0.0
687,Tyshawn Taylor,tayloty01,tyshawn-taylor-1,0.0
688,Doron Lamb,lambdo01,doron-lamb-1,0.0
689,Mike Scott,scottmi01,mike-scott-4,0.0
690,Kim English,engliki01,kim-english-1,0.0
691,Justin Hamilton,hamilju01,justin-hamilton-2,0.0
692,Darius Miller,milleda01,darius-miller-1,0.0
693,Kevin Murphy,murphke01,kevin-murphy-1,0.0
694,Kostas Papanikolaou,papanko01,,0.0
695,Kyle O'Quinn,oquinky01,kyle-oquinn-1,0.0
696,İzzet Türkyılmaz,turkyiz01,,0.0
697,Kris Joseph,josepkr01,kris-joseph-1,0.0
698,Ognjen Kuzmić,kuzmiog01,,0.0
699,Furkan Aldemir,aldemfu01,,0.0
700,Tornike Shengelia,shengto01,,0.0
701,Darius Johnson-Odom,johnsda03,darius-johnson-odom-1,0.0
702,Tomislav Zubčić,zubcito01,,0.0
703,İlkan Karaman,karamil01,,0.0
704,Robbie Hummel,hummero01,robbie-hummel-1,0.0
705,Marcus Denmon,denmoma01,marcus-denmon-1,0.0
706,Robert Sacre,sacrero01,robert-sacre-1,0.0
707,Anthony Bennett,bennean01,anthony-bennett-1,0.0
708,Victor Oladipo,oladivi01,victor-oladipo-1,1.0
709,Otto Porter,porteot01,otto-porter-1,0.0
710,Cody Zeller,zelleco01,cody-zeller-1,0.0
711,Alex Len,lenal01,alex-len-1,0.0
712,Nerlens Noel,noelne01,nerlens-noel-1,0.0
713,Ben McLemore,mclembe01,ben-mclemore-1,0.0
714,Kentavious Caldwell-Pope,caldwke01,kentavious-caldwell-pope-1,0.0
715,Trey Burke,burketr01,trey-burke-1,0.0
716,CJ McCollum,mccolcj01,cj-mccollum-1,0.0
717,Michael Carter-Williams,cartemi01,michael-carter-williams-1,0.0
718,Steven Adams,adamsst01,steven-adams-1,0.0
719,Kelly Olynyk,olynyke01,kelly-olynyk-1,0.0
720,Shabazz Muhammad,muhamsh01,shabazz-muhammad-1,0.0
721,Giannis Antetokounmpo,antetgi01,,1.0
722,Lucas Nogueira,noguelu01,,0.0
723,Dennis Schröder,schrode01,,0.0
724,Shane Larkin,larkish01,shane-larkin-1,0.0
725,Sergey Karasev,karasse01,,0.0
726,Tony Snell,snellto01,tony-snell-1,0.0
727,Gorgui Dieng,dienggo01,gorgui-dieng-1,0.0
728,Mason Plumlee,plumlma01,mason-plumlee-1,0.0
729,Solomon Hill,hillso01,solomon-hill-1,0.0
730,Tim Hardaway,hardati02,tim-hardaway-jr-1,1.0
731,Reggie Bullock,bullore01,reggie-bullock-2,0.0
732,Andre Roberson,roberan03,andre-roberson-1,0.0
733,Rudy Gobert,goberru01,,1.0
734,Livio Jean-Charles,jeancli01,,0.0
735,Archie Goodwin,goodwar01,archie-goodwin-1,0.0
736,Nemanja Nedović,nedovne01,,0.0
737,Allen Crabbe,crabbal01,allen-crabbe-1,0.0
738,Álex Abrines,abrinal01,,0.0
739,Carrick Felix,felixca01,carrick-felix-1,0.0
740,Isaiah Canaan,canaais01,isaiah-canaan-1,0.0
741,Glen Rice,ricegl02,glen-rice-jr-1,1.0
742,Ray McCallum,mccalra01,ray-mccallum-2,0.0
743,Tony Mitchell,mitchto02,tony-mitchell-4,0.0
744,Nate Wolters,woltena01,nate-wolters-1,0.0
745,Jeff Withey,witheje01,jeff-withey-1,0.0
746,Grant Jerrett,jerregr01,grant-jerrett-1,0.0
747,Jamaal Franklin,frankja01,jamaal-franklin-1,0.0
748,Pierre Jackson,jackspi01,pierre-jackson-1,0.0
749,Ricky Ledo,ledori01,,0.0
750,Mike Muscala,muscami01,mike-muscala-1,0.0
751,Marko Todorović,todorma01,,0.0
752,Erick Green,greener01,erick-green-1,0.0
753,Raul Neto,netora01,,0.0
754,Ryan Kelly,kellyry01,ryan-kelly-3,0.0
755,Erik Murphy,murpher01,erik-murphy-1,0.0
756,James Ennis,ennisja01,james-ennis-1,0.0
757,Lorenzo Brown,brownlo01,lorenzo-brown-1,0.0
758,Colton Iverson,iversco01,colton-iverson-1,0.0
759,Arsalan Kazemi,kazemar01,arsalan-kazemi-1,0.0
760,Joffrey Lauvergne,lauvejo01,,0.0
761,Peyton Siva,sivape01,peyton-siva-1,0.0
762,Alex Oriakhi,oriakal01,alex-oriakhi-1,0.0
763,Deshaun Thomas,thomade01,deshaun-thomas-1,0.0
764,Bojan Dubljević,dubljbo01,,0.0
765,Jānis Timma,timmaja01,,0.0
766,Andrew Wiggins,wiggian01,andrew-wiggins-1,0.0
767,Jabari Parker,parkeja01,jabari-parker-1,0.0
768,Joel Embiid,embiijo01,joel-embiid-1,1.0
769,Aaron Gordon,gordoaa01,aaron-gordon-1,0.0
770,Dante Exum,exumda01,,0.0
771,Marcus Smart,smartma01,marcus-smart-1,0.0
772,Julius Randle,randlju01,julius-randle-1,0.0
773,Nik Stauskas,stausni01,nik-stauskas-1,0.0
774,Noah Vonleh,vonleno01,noah-vonleh-1,0.0
775,Elfrid Payton,paytoel01,elfrid-payton-1,0.0
776,Doug McDermott,mcderdo01,doug-mcdermott-1,0.0
777,Dario Šarić,saricda01,,0.0
778,Zach LaVine,lavinza01,zach-lavine-1,0.0
779,T.J. Warren,warretj01,tj-warren-1,0.0
780,Adreian Payne,paynead01,adreian-payne-1,0.0
781,Jusuf Nurkić,nurkiju01,,0.0
782,James Young,youngja01,james-young-1,0.0
783,Tyler Ennis,ennisty01,tyler-ennis-1,0.0
784,Gary Harris,harriga01,gary-harris-1,0.0
785,Bruno Caboclo,cabocbr01,,0.0
786,Mitch McGary,mcgarmi01,mitch-mcgary-1,0.0
787,Jordan Adams,adamsjo01,jordan-adams-1,0.0
788,Rodney Hood,hoodro01,rodney-hood-1,0.0
789,Shabazz Napier,napiesh01,shabazz-napier-1,0.0
790,Clint Capela,capelca01,,0.0
791,P.J. Hairston,hairspj02,pj-hairston-1,0.0
792,Bogdan Bogdanović,bogdabo01,,0.0
793,C.J. Wilcox,wilcocj01,cj-wilcox-1,0.0
794,Josh Huestis,huestjo01,josh-huestis-1,0.0
795,Kyle Anderson,anderky01,kyle-anderson-3,0.0
796,Damien Inglis,inglida01,,0.0
797,K.J. McDaniels,mcdankj01,kj-mcdaniels-1,0.0
798,Joe Harris,harrijo01,joe-harris--1,0.0
799,Cleanthony Early,earlycl01,cleanthony-early-1,0.0
800,Jarnell Stokes,stokeja01,jarnell-stokes-1,0.0
801,Johnny O'Bryant,obryajo01,johnny-obryant-1,0.0
802,DeAndre Daniels,daniede01,deandre-daniels-1,0.0
803,Spencer Dinwiddie,dinwisp01,spencer-dinwiddie-1,0.0
804,Jerami Grant,grantje01,jerami-grant-1,0.0
805,Glenn Robinson,robingl02,glenn-robinson-2,1.0
806,Nikola Jokić,jokicni01,,1.0
807,Nick Johnson,johnsni01,nick-johnson-1,0.0
808,Edy Tavares,tavarwa01,,0.0
809,Markel Brown,brownma02,markel-brown-1,0.0
810,Dwight Powell,poweldw01,dwight-powell-1,0.0
811,Jordan Clarkson,clarkjo01,jordan-clarkson-1,0.0
812,Russ Smith,smithru01,russ-smith-1,0.0
813,Lamar Patterson,pattela01,lamar-patterson-1,0.0
814,Cameron Bairstow,bairsca01,cameron-bairstow-1,0.0
815,Alec Brown,brownal01,alec-brown-1,0.0
816,Thanasis Antetokounmpo,antetth01,,0.0
817,Vasilije Micić,micicva01,,0.0
818,Alessandro Gentile,gential01,,0.0
819,Nemanja Dangubić,dangune01,,0.0
820,Semaj Christon,chrisse01,semaj-christon-1,0.0
821,Devyn Marble,marblde01,roy-devyn-marble-1,0.0
822,Louis Labeyrie,labeylo01,,0.0
823,Jordan McRae,mcraejo01,jordan-mcrae-1,0.0
824,Xavier Thames,thamexa01,xavier-thames-1,0.0
825,Cory Jefferson,jeffeco01,cory-jefferson-1,0.0
826,Karl-Anthony Towns,townska01,karl-anthony-towns-1,1.0
827,D'Angelo Russell,russeda01,dangelo-russell-1,1.0
828,Jahlil Okafor,okafoja01,jahlil-okafor-1,0.0
829,Kristaps Porziņģis,porzikr01,,1.0
830,Mario Hezonja,hezonma01,,0.0
831,Willie Cauley-Stein,caulewi01,willie-cauley-stein-1,0.0
832,Emmanuel Mudiay,mudiaem01,,0.0
833,Stanley Johnson,johnsst04,stanley-johnson-1,0.0
834,Frank Kaminsky,kaminfr01,frank-kaminsky-1,0.0
835,Justise Winslow,winslju01,justise-winslow-1,0.0
836,Myles Turner,turnemy01,myles-turner-1,0.0
837,Trey Lyles,lylestr01,trey-lyles-1,0.0
838,Devin Booker,bookede01,devin-booker-2,1.0
839,Cameron Payne,payneca01,cameron-payne-1,0.0
840,Kelly Oubre,oubreke01,kelly-oubre-1,0.0
841,Terry Rozier,roziete01,terry-rozier-1,0.0
842,Rashad Vaughn,vaughra01,rashad-vaughn-1,0.0
843,Sam Dekker,dekkesa01,sam-dekker-1,0.0
844,Jerian Grant,grantje02,jerian-grant-1,0.0
845,Delon Wright,wrighde01,delon-wright-1,0.0
846,Justin Anderson,anderju01,justin-anderson-1,0.0
847,Bobby Portis,portibo01,bobby-portis-1,0.0
848,Rondae Hollis-Jefferson,holliro01,rondae-hollis-jefferson-1,0.0
849,Tyus Jones,jonesty01,tyus-jones-1,0.0
850,Jarell Martin,martija01,jarell-martin-1,0.0
851,Nikola Milutinov,milutni01,,0.0
852,Larry Nance,nancela02,larry-nance-2,1.0
853,R.J. Hunter,hunterj01,rj-hunter-1,0.0
854,Chris McCullough,mcculch01,chris-mccullough-1,0.0
855,Kevon Looney,looneke01,kevon-looney-1,0.0
856,Cedi Osman,osmande01,,0.0
857,Montrezl Harrell,harremo01,montrezl-harrell-1,0.0
858,Jordan Mickey,mickejo01,jordan-mickey-1,0.0
859,Anthony Brown,brownan02,anthony-brown-5,0.0
860,Willy Hernangómez,hernawi01,,0.0
861,Rakeem Christmas,chrisra01,rakeem-christmas-1,0.0
862,Richaun Holmes,holmeri01,richaun-holmes-1,0.0
863,Darrun Hilliard,hillida01,darrun-hilliard-1,0.0
864,Juan Pablo Vaulet,vauleju01,,0.0
865,Josh Richardson,richajo01,josh-richardson-2,0.0
866,Pat Connaughton,connapa01,pat-connaughton-1,0.0
867,Olivier Hanlan,hanlaol01,olivier-hanlan-1,0.0
868,Joe Young,youngjo01,joseph-young-1,0.0
869,Andrew Harrison,harrian01,andrew-harrison-1,0.0
870,Marcus Thornton,thornma02,marcus-thornton-3,0.0
871,Norman Powell,powelno01,norman-powell-1,0.0
872,Artūras Gudaitis,gudaiar01,,0.0
873,Dakari Johnson,johnsda04,dakari-johnson-1,0.0
874,Aaron White,whiteaa01,aaron-white-3,0.0
875,Marcus Eriksson,eriksma01,,0.0
876,Tyler Harvey,harvety01,tyler-harvey-1,0.0
877,Satnam Singh Bhamara,singhsa01,,0.0
878,Sir'Dominic Pointer,pointsi01,sirdominic-pointer-1,0.0
879,Dani Díez de la Faya,diezda01,,0.0
880,Cady Lalanne,lalanca01,cady-lalanne-1,0.0
881,Branden Dawson,dawsobr01,branden-dawson-1,0.0
882,Nikola Radičević,radicni01,,0.0
883,J.P. Tokoto,tokotjp01,jp-tokoto-1,0.0
884,Dimitrios Agravanis,agravdi01,,0.0
885,Luka Mitrović,mitrolu01,,0.0
886,Ben Simmons,simmobe01,ben-simmons-1,1.0
887,Brandon Ingram,ingrabr01,brandon-ingram-1,1.0
888,Jaylen Brown,brownja02,jaylen-brown-1,0.0
889,Dragan Bender,bendedr01,,0.0
890,Kris Dunn,dunnkr01,kris-dunn-1,0.0
891,Buddy Hield,hieldbu01,buddy-hield-1,0.0
892,Jamal Murray,murraja01,jamal-murray-1,0.0
893,Marquese Chriss,chrisma01,marquese-chriss-1,0.0
894,Jakob Pöltl,poeltja01,jakob-poeltl-1,0.0
895,Thon Maker,makerth01,,0.0
896,Domantas Sabonis,sabondo01,domantas-sabonis-1,1.0
897,Taurean Waller-Prince,princta02,taurean-prince-1,0.0
898,Georgios Papagiannis,papagge01,,0.0
899,Denzel Valentine,valende01,denzel-valentine-1,0.0
900,Juan Hernangómez,hernaju01,,0.0
901,Guerschon Yabusele,yabusgu01,,0.0
902,Wade Baldwin,baldwwa01,wade-baldwin-1,0.0
903,Henry Ellenson,ellenhe01,henry-ellenson-1,0.0
904,Malik Beasley,beaslma01,malik-beasley-1,0.0
905,Caris LeVert,leverca01,caris-levert-1,0.0
906,DeAndre' Bembry,bembrde01,deandre-bembry-1,0.0
907,Malachi Richardson,richama01,malachi-richardson-1,0.0
908,Ante Žižić,zizican01,,0.0
909,Timothé Luwawu-Cabarrot,luwawti01,,0.0
910,Brice Johnson,johnsbr02,brice-johnson-1,0.0
911,Furkan Korkmaz,korkmfu01,,0.0
912,Pascal Siakam,siakapa01,pascal-siakam-1,1.0
913,Skal Labissière,labissk01,skal-labissiere-1,0.0
914,Dejounte Murray,murrade01,dejounte-murray-1,0.0
915,Damian Jones,jonesda03,damian-jones-1,0.0
916,Deyonta Davis,davisde01,deyonta-davis-1,0.0
917,Ivica Zubac,zubaciv01,,0.0
918,Cheick Diallo,diallch01,cheick-diallo-1,0.0
919,Tyler Ulis,ulisty01,tyler-ulis-1,0.0
920,Rade Zagorac,zagorra01,,0.0
921,Malcolm Brogdon,brogdma01,malcolm-brogdon-1,0.0
922,Chinanu Onuaku,onuakch01,chinanu-onuaku-1,0.0
923,Patrick McCaw,mccawpa01,patrick-mccaw-1,0.0
924,David Michineau,michida01,,0.0
925,Diamond Stone,stonedi01,diamond-stone-1,0.0
926,Stephen Zimmerman,zimmest01,stephen-zimmermanjr-1,0.0
927,Isaiah Whitehead,whiteis01,isaiah-whitehead-1,0.0
928,Zhou Qi,qizh01,,0.0
929,Isaïa Cordinier,cordiis01,,0.0
930,Demetrius Jackson,jacksde01,demetrius-jackson-2,0.0
931,A.J. Hammons,hammoaj01,aj-hammons-1,0.0
932,Jake Layman,laymaja01,jake-layman-1,0.0
933,Paul Zipser,zipsepa01,,0.0
934,Michael Gbinije,gbinimi01,michael-gbinije-1,0.0
935,Georges Niang,niangge01,georges-niang-1,0.0
936,Ben Bentil,bentibe01,ben-bentil-1,0.0
937,Joel Bolomboy,bolomjo01,joel-bolomboy-1,0.0
938,Petr Cornelie,cornepe01,,0.0
939,Kay Felder,feldeka01,kahlil-felder-1,0.0
940,Marcus Paige,paigema01,marcus-paige-1,0.0
941,Daniel Hamilton,hamilda02,daniel-hamilton-1,0.0
942,Wang Zhelin,sheliwa01,,0.0
943,Abdel Nader,naderab01,abdel-nader-1,0.0
944,Isaiah Cousins,cousiis01,isaiah-cousins-1,0.0
945,Tyrone Wallace,wallaty01,tyrone-wallace-1,0.0
946,Markelle Fultz,fultzma01,markelle-fultz-1,0.0
947,Lonzo Ball,balllo01,lonzo-ball-1,0.0
948,Jayson Tatum,tatumja01,jayson-tatum-1,1.0
949,Josh Jackson,jacksjo02,josh-jackson-2,0.0
950,De'Aaron Fox,foxde01,deaaron-fox-1,0.0
951,Jonathan Isaac,isaacjo01,jonathan-isaac-1,0.0
952,Lauri Markkanen,markkla01,lauri-markkanen-1,0.0
953,Frank Ntilikina,ntilila01,,0.0
954,Dennis Smith,smithde03,dennis-smithjr-1,0.0
955,Zach Collins,colliza01,zach-collins-1,0.0
956,Malik Monk,monkma01,malik-monk-1,0.0
957,Luke Kennard,kennalu01,luke-kennard-1,0.0
958,Donovan Mitchell,mitchdo01,donovan-mitchell-1,1.0
959,Bam Adebayo,adebaba01,edrice-adebayo-1,1.0
960,Justin Jackson,jacksju01,justin-jackson-4,0.0
961,Justin Patton,pattoju01,justin-patton-1,0.0
962,D.J. Wilson,wilsodj01,dj-wilson-1,0.0
963,T.J. Leaf,leaftj01,tj-leaf-1,0.0
964,John Collins,collijo01,john-collins-1,0.0
965,Harry Giles,gilesha01,harry-giles-1,0.0
966,Terrance Ferguson,fergute01,,0.0
967,Jarrett Allen,allenja01,jarrett-allen-1,0.0
968,OG Anunoby,anunoog01,og-anunoby-1,0.0
969,Tyler Lydon,lydonty01,tyler-lydon-1,0.0
970,Anžejs Pasečņiks,pasecan01,,0.0
971,Caleb Swanigan,swanica01,caleb-swanigan-1,0.0
972,Kyle Kuzma,kuzmaky01,kyle-kuzma-1,0.0
973,Tony Bradley,bradlto01,tony-bradley-1,0.0
974,Derrick White,whitede01,derrick-white-1,0.0
975,Josh Hart,hartjo01,josh-hart-1,0.0
976,Frank Jackson,jacksfr01,frank-jackson-2,0.0
977,Davon Reed,reedda01,davon-reed-1,0.0
978,Wesley Iwundu,iwundwe01,wesley-iwundu-1,0.0
979,Frank Mason,masonfr01,frank-mason-1,0.0
980,Ivan Rabb,rabbiv01,ivan-rabb-1,0.0
981,Jonah Bolden,boldejo01,jonah-bolden-1,0.0
982,Semi Ojeleye,ojelese01,semi-ojeleye-1,0.0
983,Jordan Bell,belljo01,jordan-bell-1,0.0
984,Jawun Evans,evansja01,jawun-evans-1,0.0
985,Dwayne Bacon,bacondw01,dwayne-bacon-1,0.0
986,Tyler Dorsey,dorsety01,tyler-dorsey-1,0.0
987,Thomas Bryant,bryanth01,thomas-bryant-1,0.0
988,Isaiah Hartenstein,harteis01,,0.0
989,Damyean Dotson,dotsoda01,damyean-dotson-1,0.0
990,Dillon Brooks,brookdi01,dillon-brooks-1,0.0
991,Sterling Brown,brownst02,sterling-brown-2,0.0
992,Ike Anigbogu,anigbik01,ike-anigbogu-1,0.0
993,Sindarius Thornwell,thornsi01,sindarius-thornwell-1,0.0
994,Vlatko Čančar,cancavl01,,0.0
995,Mathias Lessort,lessoma01,,0.0
996,Monte Morris,morrimo01,monte-morris-1,0.0
997,Edmond Sumner,sumneed01,edmond-sumner-1,0.0
998,Kadeem Allen,allenka01,kadeem-allen-1,0.0
999,Alec Peters,peteral01,alec-peters-1,0.0
1000,Nigel Williams-Goss,willini01,nigel-williams-goss-1,0.0
1001,Jabari Bird,birdja01,jabari-bird-1,0.0
1002,Aleksandar Vezenkov,vezenal01,,0.0
1003,Ognjen Jaramaz,jaramog01,,0.0
1004,Jaron Blossomgame,blossja01,jaron-blossomgame-1,0.0
1005,Alpha Kaba,kabaal01,,0.0
1006,Deandre Ayton,aytonde01,deandre-ayton-1,0.0
1007,Marvin Bagley,baglema01,marvin-bagleyiii-1,0.0
1008,Luka Dončić,doncilu01,,1.0
1009,Jaren Jackson,jacksja02,jaren-jacksonjr-1,0.0
1010,Trae Young,youngtr01,trae-young-1,1.0
1011,Mohamed Bamba,bambamo01,mohamed-bamba-1,0.0
1012,Wendell Carter,cartewe01,wendell-carterjr-1,0.0
1013,Collin Sexton,sextoco01,collin-sexton-1,0.0
1014,Kevin Knox,knoxke01,kevin-knox-1,0.0
1015,Mikal Bridges,bridgmi01,mikal-bridges-1,0.0
1016,Shai Gilgeous-Alexander,gilgesh01,shai-gilgeous-alexander-1,0.0
1017,Miles Bridges,bridgmi02,miles-bridges-1,0.0
1018,Jerome Robinson,robinje01,jerome-robinson-2,0.0
1019,Michael Porter,portemi01,michael-porterjr-1,0.0
1020,Troy Brown,browntr01,troy-brown-5,0.0
1021,Zhaire Smith,smithzh01,zhaire-smith-1,0.0
1022,Donte DiVincenzo,divindo01,donte-divincenzo-1,0.0
1023,Lonnie Walker,walkelo01,lonnie-walker-2,0.0
1024,Kevin Huerter,huertke01,kevin-huerter-1,0.0
1025,Josh Okogie,okogijo01,josh-okogie-1,0.0
1026,Grayson Allen,allengr01,grayson-allen-1,0.0
1027,Chandler Hutchison,hutchch01,chandler-hutchison-1,0.0
1028,Aaron Holiday,holidaa01,aaron-holiday-1,0.0
1029,Anfernee Simons,simonan01,,0.0
1030,Moritz Wagner,wagnemo01,moritz-wagner-1,0.0
1031,Landry Shamet,shamela01,landry-shamet-1,0.0
1032,Robert Williams,williro04,robert-williams-3,0.0
1033,Jacob Evans,evansja02,jacob-evans-1,0.0
1034,Džanan Musa,musadz01,,0.0
1035,Omari Spellman,spellom01,omari-spellman-1,0.0
1036,Élie Okobo,okoboel01,,0.0
1037,Jevon Carter,carteje01,jevon-carter-1,0.0
1038,Jalen Brunson,brunsja01,jalen-brunson-1,0.0
1039,Devonte' Graham,grahade01,devonte-graham-1,0.0
1040,Melvin Frazier,frazime01,melvin-frazier-1,0.0
1041,Mitchell Robinson,robinmi01,,0.0
1042,Gary Trent,trentga02,gary-trentjr-1,0.0
1043,Khyri Thomas,thomakh01,khyri-thomas-1,0.0
1044,Isaac Bonga,bongais01,,0.0
1045,Rodions Kurucs,kurucro01,,0.0
1046,Jarred Vanderbilt,vandeja01,jarred-vanderbilt-1,0.0
1047,Bruce Brown,brownbr01,bruce-brown-2,0.0
1048,Justin Jackson,jacksju02,justin-jackson-5,0.0
1049,Issuf Sanon,sanonis01,,0.0
1050,Hamidou Diallo,diallha01,hamidou-diallo-1,0.0
1051,De'Anthony Melton,meltode01,deanthony-melton-1,0.0
1052,Sviatoslav Mykhailiuk,mykhasv01,sviatoslav-mykhailiuk-1,0.0
1053,Keita Bates-Diop,bateske01,keita-bates-diop-1,0.0
1054,Chimezie Metu,metuch01,chimezie-metu-1,0.0
1055,Alize Johnson,johnsal02,alize-johnson-1,0.0
1056,Tony Carr,carrto01,tony-carr-1,0.0
1057,Vince Edwards,edwarvi01,vince-edwards-2,0.0
1058,Devon Hall,hallde01,devon-hall-1,0.0
1059,Shake Milton,miltosh01,malik-milton-1,0.0
1060,Arnoldas Kulboka,kulboar01,,0.0
1061,Ray Spalding,spaldra01,raymond-spalding-1,0.0
1062,Kevin Hervey,herveke01,kevin-hervey-1,0.0
1063,Thomas Welsh,welshth01,thomas-welsh-1,0.0
1064,George King,kingge03,george-king-1,0.0
1065,Kostas Antetokounmpo,antetko01,kostas-antetokounmpo-1,0.0
1066,Zion Williamson,willizi01,zion-williamson-1,0.0
1067,Ja Morant,moranja01,temetrius-morant-1,0.0
1068,RJ Barrett,barrerj01,rj-barrett-1,0.0
1069,De'Andre Hunter,huntede01,deandre-hunter-1,0.0
1070,Darius Garland,garlada01,darius-garland-1,0.0
1071,Jarrett Culver,culveja01,jarrett-culver-1,0.0
1072,Coby White,whiteco01,coby-white-1,0.0
1073,Jaxson Hayes,hayesja02,jaxson-hayes-1,0.0
1074,Rui Hachimura,hachiru01,rui-hachimura-1,0.0
1075,Cam Reddish,reddica01,cam-reddish-1,0.0
1076,Cameron Johnson,johnsca02,cameron-johnson-4,0.0
1077,PJ Washington,washipj01,pj-washington-1,0.0
1078,Tyler Herro,herroty01,tyler-herro-1,0.0
1079,Romeo Langford,langfro01,romeo-langford-1,0.0
1080,Sekou Doumbouya,doumbse01,,0.0
1081,Chuma Okeke,okekech01,chuma-okeke-1,0.0
1082,Nickeil Alexander-Walker,alexani01,nickeil-alexander-walker-1,0.0
1083,Goga Bitadze,bitadgo01,,0.0
1084,Luka Šamanić,samanlu01,,0.0
1085,Matisse Thybulle,thybuma01,matisse-thybulle-1,0.0
1086,Brandon Clarke,clarkbr01,brandon-clarke-1,0.0
1087,Grant Williams,willigr01,grant-williams-1,0.0
1088,Darius Bazley,bazleda01,,0.0
1089,Ty Jerome,jeromty01,ty-jerome-1,0.0
1090,Nassir Little,littlna01,nassir-little-1,0.0
1091,Dylan Windler,windldy01,dylan-windler-1,0.0
1092,Mfiondu Kabengele,kabenmf01,mfiondu-kabengele-1,0.0
1093,Jordan Poole,poolejo01,jordan-poole-1,0.0
1094,Keldon Johnson,johnske04,keldon-johnson-1,0.0
1095,Kevin Porter,porteke02,kevin-porterjr-1,0.0
1096,Nicolas Claxton,claxtni01,nicolas-claxton-1,0.0
1097,KZ Okpala,okpalkz01,kezie-okpala-1,0.0
1098,Carsen Edwards,edwarca01,carsen-edwards-1,0.0
1099,Bruno Fernando,fernabr01,bruno-fernando-1,0.0
1100,Marcos Louzada Silva,louzama01,,0.0
1101,Cody Martin,martico01,cody-martin-1,0.0
1102,Deividas Sirvydis,sirvyde01,,0.0
1103,Daniel Gafford,gaffoda01,daniel-gafford-1,0.0
1104,Alen Smailagić,smailal01,,0.0
1105,Justin James,jamesju01,justin-james-2,0.0
1106,Eric Paschall,pascher01,eric-paschall-1,0.0
1107,Admiral Schofield,schofad01,admiral-schofield-1,0.0
1108,Jaylen Nowell,nowelja01,jaylen-nowell-1,0.0
1109,Bol Bol,bolbo01,bol-bol-1,0.0
1110,Isaiah Roby,robyis01,isaiah-roby-1,0.0
1111,Talen Horton-Tucker,hortota01,talen-horton-tucker-1,0.0
1112,Ignas Brazdeikis,brazdig01,ignas-brazdeikis-1,0.0
1113,Terance Mann,mannte01,terance-mann-1,0.0
1114,Quinndary Weatherspoon,weathqu01,quinndary-weatherspoon-1,0.0
1115,Jarrell Brantley,brantja01,jarrell-brantley-1,0.0
1116,Tremont Waters,watertr01,tremont-waters-1,0.0
1117,Jalen McDaniels,mcdanja01,jalen-mcdaniels-1,0.0
1118,Justin Wright-Foreman,wrighju02,justin-wright-foreman-1,0.0
1119,Marial Shayok,shayoma01,marial-shayok-1,0.0
1120,Kyle Guy,guyky01,kyle-guy-1,0.0
1121,Jaylen Hands,handsja01,jaylen-hands-1,0.0
1122,Jordan Bone,bonejo01,jordan-bone-1,0.0
1123,Miye Oni,onimi01,miye-oni-1,0.0
1124,Dewan Hernandez,hernade01,dewan-huell-1,0.0
1125,Vanja Marinković,marinva01,,0.0
