player_name,pro_id,cbb_id
Kenyon Martin,martike01,kenyon-martin-1
Stromile Swift,swiftst01,stromile-swift-1
Darius Miles,milesda01,
Marcus Fizer,fizerma01,marcus-fizer-1
Mike Miller,millemi01,mike-miller-1
DerMarr Johnson,johnsde03,dermarr-johnson-1
Chris Mihm,mihmch01,chris-mihm-1
Jamal Crawford,crawfja01,jamal-crawford-1
Joel Przybilla,przybjo01,joel-przybilla-1
Keyon Dooling,doolike01,keyon-dooling-1
Jérôme Moïso,moisoje01,jerome-moiso-1
Etan Thomas,thomaet01,etan-thomas-1
Courtney Alexander,alexaco02,courtney-alexander-1
Mateen Cleaves,cleavma01,mateen-cleaves-1
Jason Collier,collija02,jason-collier-1
Hedo Türkoğlu,turkohe01,
Desmond Mason,masonde01,desmond-mason-1
Quentin Richardson,richaqu01,quentin-richardson-1
Jamaal Magloire,magloja01,jamaal-magloire-1
Speedy Claxton,claxtsp01,speedy-claxton-1
Morris Peterson,petermo01,morris-peterson-1
Donnell Harvey,harvedo01,donnell-harvey-1
DeShawn Stevenson,stevede01,
Dalibor Bagarić,bagarda01,
Jake Tsakalidis,tsakaja01,
Mamadou N'Diaye,ndiayma02,mamadou-ndiaye-1
Primož Brezec,brezepr01,
Erick Barkley,barkler01,erick-barkley-1
Mark Madsen,madsema01,mark-madsen-1
Marko Jarić,jaricma01,
Dan Langhi,langhda01,dan-langhi-1
A.J. Guyton,guytoaj01,aj-guyton-1
Jake Voskuhl,voskuja01,jake-voskuhl-1
Khalid El-Amin,elamikh01,khalid-el-amin-1
Mike Smith,smithmi03,mike-smith-1
Soumaila Samake,samakso01,
Eddie House,houseed01,eddie-house-1
Eduardo Nájera,najered01,eduardo-najera-1
Lavor Postell,postela01,lavor-postell-1
Hanno Möttölä,mottoha01,hanno-mottola-1
Olumide Oyedeji,oyedeol01,
Michael Redd,reddmi01,michael-redd-1
Brian Cardinal,cardibr01,brian-cardinal-1
Jabari Smith,smithja01,jabari-smith-1
Jason Hart,hartja01,jason-hart-1
Kaniel Dickens,dickeka01,kaniel-dickens-1
Igor Rakočević,rakocig01,
Ernest Brown,browner01,
Dan McClintock,mcclida01,dan-mcclintock-1
Chris Porter,portech01,chris-porter-1
Kwame Brown,brownkw01,
Tyson Chandler,chandty01,
Pau Gasol,gasolpa01,
Eddy Curry,curryed01,
Jason Richardson,richaja01,jason-richardson-1
Shane Battier,battish01,shane-battier-1
Eddie Griffin,griffed01,eddie-griffin-1
DeSagana Diop,diopde01,
Rodney White,whitero02,rodney-white-1
Joe Johnson,johnsjo02,joe-johnson-1
Kedrick Brown,brownke01,
Vladimir Radmanović,radmavl01,
Richard Jefferson,jefferi01,richard-jefferson-1
Troy Murphy,murphtr01,troy-murphy-1
Steven Hunter,huntest01,steven-hunter-1
Kirk Haston,hastoki01,kirk-haston-1
Michael Bradley,bradlmi01,michael-bradley-1
Jason Collins,collija04,jason-collins-1
Zach Randolph,randoza01,zach-randolph-1
Brendan Haywood,haywobr01,brendan-haywood-1
Joseph Forte,fortejo01,joseph-forte-1
Jeryl Sasser,sasseje01,jeryl-sasser-1
Brandon Armstrong,armstbr01,brandon-armstrong-1
Raül López,lopezra01,
Gerald Wallace,wallage01,gerald-wallace-1
Samuel Dalembert,dalemsa01,samuel-dalembert-1
Jamaal Tinsley,tinslja01,jamaal-tinsley-1
Tony Parker,parketo01,
Trenton Hassell,hassetr01,trenton-hassell-1
Gilbert Arenas,arenagi01,gilbert-arenas-1
Omar Cook,cookom01,omar-cook-1
Will Solomon,solomwi01,will-solomon-1
Terence Morris,morrite01,terence-morris-1
Brian Scalabrine,scalabr01,brian-scalabrine-1
Jeff Trepagnier,trepaje01,jeff-trepagnier-1
Damone Brown,brownda02,damone-brown-1
Mehmet Okur,okurme01,
Earl Watson,watsoea01,earl-watson-1
Jamison Brewer,breweja01,jamison-brewer-1
Bobby Simmons,simmobo01,bobby-simmons-1
Sean Lampley,lamplse01,sean-lampley-1
Loren Woods,woodslo01,loren-woods-1
Antonis Fotsis,fotsian01,
Ken Johnson,johnske03,ken-johnson-2
Ruben Boumtje-Boumtje,boumtru01,ruben-boumtje-boumtje-1
Alton Ford,fordal02,alton-ford-1
Jarron Collins,collija03,jarron-collins-1
Kenny Satterfield,satteke01,kenny-satterfield-1
Robertas Javtokas,javtoro01,robertas-javtokas-1
Alvin Jones,jonesal01,alvin-jones-1
Yao Ming,mingya01,
Jay Williams,willija03,jay-williams-1
Mike Dunleavy,dunlemi02,mike-dunleavy-2
Drew Gooden,goodedr01,drew-gooden-1
Nikoloz Tskitishvili,tskitni01,
Dajuan Wagner,wagneda02,dajuan-wagner-1
Nenê Hilário,hilarne01,
Chris Wilcox,wilcoch01,chris-wilcox-1
Amar'e Stoudemire,stoudam01,
Caron Butler,butleca01,caron-butler-1
Jared Jeffries,jeffrja01,jared-jeffries-1
Melvin Ely,elyme01,melvin-ely-1
Marcus Haislip,haislma01,marcus-haislip-1
Fred Jones,jonesfr01,fred-jones-1
Boštjan Nachbar,nachbbo01,
Jiří Welsch,welscji01,
Juan Dixon,dixonju01,juan-dixon-1
Curtis Borchardt,borchcu01,curtis-borchardt-1
Ryan Humphrey,humphry01,ryan-humphrey-1
Kareem Rush,rushka01,kareem-rush-1
Qyntel Woods,woodsqy01,
Casey Jacobsen,jacobca01,casey-jacobsen-1
Tayshaun Prince,princta01,tayshaun-prince-1
Nenad Krstić,krstine01,
Frank Williams,willifr02,frank-williams-1
John Salmons,salmojo01,john-salmons-1
Chris Jefferies,jeffech01,chris-jefferies-1
Dan Dickau,dickada01,dan-dickau-1
Roger Mason,masonro01,roger-mason-1
Robert Archibald,archiro01,robert-archibald-1
Vincent Yarbrough,yarbrvi01,vincent-yarbrough-1
Dan Gadzuric,gadzuda01,dan-gadzuric-1
Carlos Boozer,boozeca01,carlos-boozer-1
David Andersen,anderda03,
Tito Maddox,maddoti01,tito-maddox-1
Juan Carlos Navarro,navarju01,
Mario Kasun,kasunma01,
Ronald Murray,murraro01,
Lonny Baxter,baxtelo01,lonny-baxter-1
Matt Barnes,barnema02,matt-barnes-1
Jamal Sampson,sampsja01,jamal-sampson-1
Chris Owens,owensch01,chris-owens-1
Darius Songaila,songada01,darius-songaila-1
Rasual Butler,butlera01,rasual-butler-1
Tamar Slay,slayta01,tamar-slay-1
Luis Scola,scolalu01,
Randy Holcomb,holcora01,randy-holcomb-1
Corsley Edwards,edwarco01,corsley-edwards-1
LeBron James,jamesle01,
Darko Miličić,milicda01,
Carmelo Anthony,anthoca01,carmelo-anthony-1
Chris Bosh,boshch01,chris-bosh-1
Dwyane Wade,wadedw01,dwyane-wade-1
Chris Kaman,kamanch01,chris-kaman-1
Kirk Hinrich,hinriki01,kirk-hinrich-1
T.J. Ford,fordtj01,tj-ford-1
Mike Sweetney,sweetmi01,mike-sweetney-1
Jarvis Hayes,hayesja01,jarvis-hayes-1
Mickaël Piétrus,pietrmi01,
Nick Collison,collini01,nick-collison-1
Marcus Banks,banksma01,marcus-banks-1
Luke Ridnour,ridnolu01,luke-ridnour-1
Reece Gaines,gainere01,reece-gaines-1
Troy Bell,belltr01,troy-bell-1
Žarko Čabarkapa,cabarza01,
David West,westda01,david-west-1
Sasha Pavlović,pavloal01,
Dahntay Jones,jonesda02,dahntay-jones-1
Boris Diaw,diawbo01,
Zoran Planinić,planizo01,
Travis Outlaw,outlatr01,
Brian Cook,cookbr01,brian-cook-1
Carlos Delfino,delfica01,
Ndudi Ebi,ebind01,
Kendrick Perkins,perkike01,
Leandro Barbosa,barbole01,
Josh Howard,howarjo01,josh-howard-1
Maciej Lampe,lampema01,
Jason Kapono,kaponja01,jason-kapono-1
Luke Walton,waltolu01,luke-walton-1
Jerome Beasley,beaslje01,
Sofoklis Schortsanitis,schorso01,
Szymon Szewczyk,szewcsz01,
Mario Austin,austima01,mario-austin-1
Travis Hansen,hansetr01,travis-hansen-1
Steve Blake,blakest01,steve-blake-1
Slavko Vraneš,vranesl01,
Derrick Zimmerman,zimmede01,derrick-zimmerman-1
Willie Green,greenwi01,willie-green-1
Zaza Pachulia,pachuza01,
Keith Bogans,boganke01,keith-bogans-1
Matt Bonner,bonnema01,matt-bonner-1
Sani Bečirovič,becirsa01,
Mo Williams,willima01,mo-williams-1
James Lang,langja01,
James Jones,jonesja02,james-jones-1
Paccelis Morlende,morlepa01,
Kyle Korver,korveky01,kyle-korver-1
Nedžad Sinanović,sinanne01,
Brandon Hunter,huntebr01,brandon-hunter-1
Xue Yuyang,yuyanxu01,
Andreas Glyniadakis,glynian01,
Dwight Howard,howardw01,
Emeka Okafor,okafoem01,emeka-okafor-1
Ben Gordon,gordobe01,ben-gordon-1
Shaun Livingston,livinsh01,
Devin Harris,harride01,devin-harris-1
Josh Childress,childjo01,josh-childress-1
Luol Deng,denglu01,luol-deng-1
Rafael Araújo,araujra01,rafael-araujo-1
Andre Iguodala,iguodan01,andre-iguodala-1
Luke Jackson,jackslu02,luke-jackson-1
Andris Biedriņš,biedran01,
Robert Swift,swiftro01,
Sebastian Telfair,telfase01,
Kris Humphries,humphkr01,kris-humphries-1
Al Jefferson,jeffeal01,
Kirk Snyder,snydeki01,kirk-snyder-1
Josh Smith,smithjo03,
J.R. Smith,smithjr01,
Dorell Wright,wrighdo01,
Jameer Nelson,nelsoja01,jameer-nelson-1
Pavel Podkolzin,podkopa01,
Viktor Khryapa,khryavi01,
Sergei Monia,moniase01,
Delonte West,westde01,delonte-west-1
Tony Allen,allento01,tony-allen-1
Kevin Martin,martike02,kevin-martin-1
Sasha Vujačić,vujacsa01,
Beno Udrih,udrihbe01,
David Harrison,harrida01,david-harrison-1
Anderson Varejão,varejan01,
Jackson Vroman,vromaja01,jackson-vroman-1
Peter John Ramos,ramospe01,
Lionel Chalmers,chalmli01,lionel-chalmers-1
Donta Smith,smithdo04,
Andre Emmett,emmetan01,andre-emmett-1
Antonio Burks,burksan01,antonio-burks-1
Royal Ivey,iveyro01,royal-ivey-1
Chris Duhon,duhonch01,chris-duhon-1
Albert Miralles,miralal01,
Justin Reed,reedju01,justin-reed-1
Viktor Sanikidze,sanikvi01,
Trevor Ariza,arizatr01,trevor-ariza-1
Bernard Robinson,robinbe01,bernard-robinson-1
Ha Seung-Jin,seungha01,
Pape Sow,sowpa01,pape-sow-1
Sergei Lishouk,lishcse01,
Vassilis Spanoulis,spanova01,
Matt Freije,freijma01,matt-freije-1
Luis Flores,florelu01,luis-flores-1
Sergei Karaulov,karause01,
Andrew Bogut,bogutan01,andrew-bogut-1
Marvin Williams,willima02,marvin-williams-1
Deron Williams,willide01,deron-williams-1
Chris Paul,paulch01,chris-paul-1
Raymond Felton,feltora01,raymond-felton-1
Martell Webster,webstma02,
Charlie Villanueva,villach01,charlie-villanueva-1
Channing Frye,fryech01,channing-frye-1
Ike Diogu,dioguik01,ike-diogu-1
Andrew Bynum,bynuman01,
Fran Vázquez,vazqufr01,
Yaroslav Korolev,korolya01,
Sean May,mayse01,sean-may-1
Rashad McCants,mccanra01,rashad-mccants-1
Antoine Wright,wrighan01,antoine-wright-1
Joey Graham,grahajo01,joey-graham-1
Danny Granger,grangda01,danny-granger-1
Gerald Green,greenge01,
Hakim Warrick,warriha01,hakim-warrick-1
Julius Hodge,hodgeju01,julius-hodge-1
Nate Robinson,robinna01,nate-robinson-1
Jarrett Jack,jackja01,jarrett-jack-1
Francisco García,garcifr01,francisco-garcia-1
Luther Head,headlu01,luther-head-1
Johan Petro,petrojo01,
Jason Maxiell,maxieja01,jason-maxiell-1
Linas Kleiza,kleizli01,linas-kleiza-1
Ian Mahinmi,mahinia01,
Wayne Simien,simiewa01,wayne-simien-1
David Lee,leeda02,david-lee-1
Salim Stoudamire,stoudsa01,salim-stoudamire-1
Daniel Ewing,ewingda01,daniel-ewing-1
Brandon Bass,bassbr01,brandon-bass-1
C.J. Miles,milescj01,
Ersan İlyasova,ilyaser01,
Ronny Turiaf,turiaro01,ronny-turiaf-1
Travis Diener,dienetr01,travis-diener-1
Von Wafer,wafervo01,von-wafer-1
Monta Ellis,ellismo01,
Roko Ukić,ukicro01,
Chris Taft,taftch01,chris-taft-1
Mile Ilić,ilicmi01,
Martynas Andriuškevičius,andrima01,
Lou Williams,willilo02,
Erazem Lorbek,lorbeer01,erazem-lorbek-1
Bracey Wright,wrighbr02,bracey-wright-1
Mickaël Gelabale,gelabmi01,
Andray Blatche,blatcan01,
Ryan Gomes,gomesry01,ryan-gomes-1
Robert Whaley,whalero01,robert-whaley-1
Axel Hervelle,herveax01,
Orien Greene,greenor01,orien-greene-1
Dijon Thompson,thompdi01,dijon-thompson-1
Lawrence Roberts,roberla01,lawrence-roberts-1
Amir Johnson,johnsam01,
Marcin Gortat,gortama01,
Uroš Slokar,slokaur01,
Cenk Akyol,akyolce01,
Alex Acker,ackeral01,alex-acker-1
Andrea Bargnani,bargnan01,
LaMarcus Aldridge,aldrila01,lamarcus-aldridge-1
Adam Morrison,morriad01,adam-morrison-1
Tyrus Thomas,thomaty01,tyrus-thomas-1
Shelden Williams,willish02,shelden-williams-1
Brandon Roy,roybr01,brandon-roy-1
Randy Foye,foyera01,randy-foye-1
Rudy Gay,gayru01,rudy-gay-1
Patrick O'Bryant,obryapa01,patrick-obryant-1
Mouhamed Sene,senesa01,
J.J. Redick,redicjj01,jj-redick-1
Hilton Armstrong,armsthi01,hilton-armstrong-1
Thabo Sefolosha,sefolth01,
Ronnie Brewer,brewero02,ronnie-brewer-1
Cedric Simmons,simmoce01,cedric-simmons-1
Rodney Carney,carnero01,rodney-carney-1
Shawne Williams,willish03,shawne-williams-1
Oleksiy Pecherov,pecheol01,
Quincy Douby,doubyqu01,quincy-douby-1
Renaldo Balkman,balkmre01,renaldo-balkman-1
Rajon Rondo,rondora01,rajon-rondo-1
Marcus Williams,willima03,marcus-williams-1
Josh Boone,boonejo01,josh-boone-1
Kyle Lowry,lowryky01,kyle-lowry-1
Shannon Brown,brownsh01,shannon-brown-1
Jordan Farmar,farmajo01,jordan-farmar-1
Sergio Rodríguez,rodrise01,
Maurice Ager,agerma01,maurice-ager-1
Mardy Collins,collima01,mardy-collins-1
Joel Freeland,freeljo01,
James White,whiteja02,james-white-1
Steve Novak,novakst01,steve-novak-1
Solomon Jones,jonesso01,solomon-jones-1
Paul Davis,davispa01,paul-davis-1
P.J. Tucker,tuckepj01,pj-tucker-1
Craig Smith,smithcr01,craig-smith-1
Bobby Jones,jonesbo02,bobby-jones-2
Kosta Perović,perovko01,
David Noel,noelda01,david-noel-1
James Augustine,augusja01,james-augustine-1
Daniel Gibson,gibsoda01,daniel-gibson-1
Marcus Vinicius,vincima01,
Lior Eliyahu,eliyali01,
Alexander Johnson,johnsal01,alexander-johnson-1
Dee Brown,brownde03,dee-brown-2
Paul Millsap,millspa01,paul-millsap-1
Vladimir Veremeenko,veremvl01,
Leon Powe,powele01,leon-powe-1
Ryan Hollins,holliry01,ryan-hollins-1
Cheikh Samb,sambch01,
Guillermo Díaz,diazgu01,guillermo-diaz-1
Yotam Halperin,halpeyo01,
Hassan Adams,adamsha01,hassan-adams-1
Ejike Ugboaja,ugboaej01,
Edin Bavčić,bavcied01,
Damir Markota,markoda01,
Will Blalock,blalowi01,will-blalock-1
Greg Oden,odengr01,greg-oden-1
Kevin Durant,duranke01,kevin-durant-1
Al Horford,horfoal01,al-horford-1
Mike Conley,conlemi01,mike-conley-1
Jeff Green,greenje02,jeff-green-1
Yi Jianlian,jianlyi01,
Corey Brewer,breweco01,corey-brewer-1
Brandan Wright,wrighbr03,brandan-wright-1
Joakim Noah,noahjo01,joakim-noah-1
Spencer Hawes,hawessp01,spencer-hawes-1
Acie Law,lawac01,acie-law-1
Thaddeus Young,youngth01,thaddeus-young-1
Julian Wright,wrighju01,julian-wright-1
Al Thornton,thornal01,al-thornton-1
Rodney Stuckey,stuckro01,rodney-stuckey-1
Nick Young,youngni01,nick-young-1
Sean Williams,willise01,sean-williams-1
Marco Belinelli,belinma01,
Javaris Crittenton,crittja01,javaris-crittenton-1
Jason Smith,smithja02,jason-smith-1
Daequan Cook,cookda02,daequan-cook-1
Jared Dudley,dudleja01,jared-dudley-1
Wilson Chandler,chandwi01,wilson-chandler-1
Rudy Fernández,fernaru01,rudy-fernandez-1
Morris Almond,almonmo01,morris-almond-1
Aaron Brooks,brookaa01,aaron-brooks-1
Arron Afflalo,afflaar01,arron-afflalo-1
Tiago Splitter,splitti01,
Alando Tucker,tuckeal02,alando-tucker-1
Petteri Koponen,koponpe01,
Carl Landry,landrca01,carl-landry-1
Gabe Pruitt,pruitga01,gabe-pruitt-1
Marcus Williams,willima04,marcus-williams-2
Nick Fazekas,fazekni01,nick-fazekas-1
Glen Davis,davisgl01,glen-davis-1
Jermareo Davidson,davidje01,jermareo-davidson-1
Josh McRoberts,mcrobjo01,josh-mcroberts-1
Kyrylo Fesenko,fesenky01,
Stanko Barać,baracst01,
Sun Yue,yuesu01,
Chris Richard,richach01,chris-richard-1
Derrick Byars,byarsde01,derrick-byars-1
Stéphane Lasme,lasmest01,stephane-lasme-1
Dominic McGuire,mcguido01,dominic-mcguire-1
Marc Gasol,gasolma01,
Aaron Gray,grayaa01,aaron-gray-1
Renaldas Seibutis,seibure01,
JamesOn Curry,curryja01,jameson-curry-1
Taurean Green,greenta01,taurean-green-1
Demetris Nichols,nichode01,demetris-nichols-1
Brad Newley,newlebr01,
Ramon Sessions,sessira01,ramon-sessions-1
Georgios Printezis,printgi01,
D.J. Strawberry,strawdj01,dj-strawberry-1
Milovan Raković,rakovmi01,
Derrick Rose,rosede01,derrick-rose-1
Michael Beasley,beaslmi01,michael-beasley-1
O.J. Mayo,mayooj01,oj-mayo-1
Russell Westbrook,westbru01,russell-westbrook-1
Kevin Love,loveke01,kevin-love-1
Danilo Gallinari,gallida01,
Eric Gordon,gordoer01,eric-gordon-1
Joe Alexander,alexajo01,joe-alexander-1
D.J. Augustin,augusdj01,dj-augustin-1
Brook Lopez,lopezbr01,brook-lopez-1
Jerryd Bayless,bayleje01,jerryd-bayless-1
Jason Thompson,thompja02,jason-thompson-1
Brandon Rush,rushbr01,brandon-rush-1
Anthony Randolph,randoan01,anthony-randolph-1
Robin Lopez,lopezro01,robin-lopez-1
Marreese Speights,speigma01,marreese-speights-1
Roy Hibbert,hibbero01,roy-hibbert-1
JaVale McGee,mcgeeja01,javale-mcgee-1
J.J. Hickson,hicksjj01,jj-hickson-1
Alexis Ajinça,ajincal01,
Ryan Anderson,anderry01,ryan-anderson-1
Courtney Lee,leeco01,courtney-lee-1
Kosta Koufos,koufoko01,kosta-koufos-1
Serge Ibaka,ibakase01,
Nicolas Batum,batumni01,
George Hill,hillge01,george-hill-1
Darrell Arthur,arthuda01,darrell-arthur-1
Donté Greene,greendo01,donte-greene-1
D.J. White,whitedj01,dj-white-1
J.R. Giddens,giddejr01,jr-giddens-1
Nikola Peković,pekovni01,
Walter Sharpe,sharpwa01,walter-sharpe-1
Joey Dorsey,dorsejo01,joey-dorsey-1
Mario Chalmers,chalmma01,mario-chalmers-1
DeAndre Jordan,jordade01,deandre-jordan-1
Ömer Aşık,asikom01,
Luc Mbah a Moute,mbahalu01,luc-richard-mbah-a-moute-1
Kyle Weaver,weaveky01,kyle-weaver-1
Sonny Weems,weemsso01,sonny-weems-1
Chris Douglas-Roberts,douglch01,chris-douglas-roberts-1
Nathan Jawai,jawaina01,
Sean Singletary,singlse01,sean-singletary-1
Patrick Ewing,ewingpa02,pat-ewing-1
Ante Tomić,tomican01,
Goran Dragić,dragigo01,
Henry Walker,walkebi01,bill-walker-1
Malik Hairston,hairsma01,malik-hairston-1
DeVon Hardin,hardide01,devon-hardin-1
Darnell Jackson,jacksda01,darnell-jackson-1
Tadija Dragićević,dragita01,
Maarty Leunen,leunema01,maarty-leunen-1
Mike Taylor,taylomi01,mike-taylor-1
Sasha Kaun,kaunsa01,sasha-kaun-1
Joe Crawford,crawfjo01,joe-crawford-1
Semih Erden,erdense01,
Blake Griffin,griffbl01,blake-griffin-1
Hasheem Thabeet,thabeha01,hasheem-thabeet-1
James Harden,hardeja01,james-harden-1
Tyreke Evans,evansty01,tyreke-evans-1
Ricky Rubio,rubiori01,
Jonny Flynn,flynnjo01,jonny-flynn-1
Stephen Curry,curryst01,stephen-curry-1
Jordan Hill,hilljo01,jordan-hill-1
DeMar DeRozan,derozde01,demar-derozan-1
Brandon Jennings,jennibr01,
Terrence Williams,willite01,terrence-williams-1
Gerald Henderson,hendege02,gerald-henderson-2
Tyler Hansbrough,hansbty01,tyler-hansbrough-1
Earl Clark,clarkea01,earl-clark-1
Austin Daye,dayeau01,austin-daye-1
James Johnson,johnsja01,james-johnson-2
Jrue Holiday,holidjr01,jrue-holiday-1
Ty Lawson,lawsoty01,ty-lawson-1
Jeff Teague,teaguje01,jeff-teague-1
Eric Maynor,maynoer01,eric-maynor-1
Darren Collison,collida01,darren-collison-1
Victor Claver,clavevi01,
Omri Casspi,casspom01,
Byron Mullens,mulleby01,bj-mullens-1
Rodrigue Beaubois,beaubro01,
Taj Gibson,gibsota01,taj-gibson-1
DeMarre Carroll,carrode01,demarre-carroll-1
Wayne Ellington,ellinwa01,wayne-ellington-1
Toney Douglas,douglto01,toney-douglas-1
Christian Eyenga,eyengch01,
Jeff Ayres,pendeje02,jeff-pendergraph-1
Jermaine Taylor,tayloje02,jermaine-taylor-1
Dante Cunningham,cunnida01,dante-cunningham-1
Sergio Llull,llullse01,
DaJuan Summers,summeda01,dajuan-summers-1
Sam Young,youngsa01,sam-young-1
DeJuan Blair,blairde01,dejuan-blair-1
Jon Brockman,brockjo01,jon-brockman-1
Jonas Jerebko,jerebjo01,
Derrick Brown,brownde04,derrick-brown-1
Jodie Meeks,meeksjo01,jodie-meeks-1
Patrick Beverley,beverpa01,patrick-beverley-1
Marcus Thornton,thornma01,marcus-thornton-1
Chase Budinger,budinch01,chase-budinger-1
Nick Calathes,calatni01,nick-calathes-1
Danny Green,greenda02,danny-green-1
Henk Norel,norelhe01,
Taylor Griffin,griffta01,taylor-griffin-1
Sergiy Gladyr,gladyse01,
A.J. Price,priceaj01,aj-price-1
Nando De Colo,decolna01,
Patty Mills,millspa02,patrick-mills-1
Emir Preldžić,preldem01,
Lester Hudson,hudsole01,lester-hudson-1
Chinemelu Elonu,elonuch01,chinemelu-elonu-1
John Wall,walljo01,john-wall-1
Evan Turner,turneev01,evan-turner-1
Derrick Favors,favorde01,derrick-favors-1
Wesley Johnson,johnswe01,wes-johnson-1
DeMarcus Cousins,couside01,demarcus-cousins-1
Ekpe Udoh,udohek01,ekpe-udoh-1
Greg Monroe,monrogr01,greg-monroe-1
Al-Farouq Aminu,aminual01,al-farouq-aminu-1
Gordon Hayward,haywago01,gordon-hayward-1
Paul George,georgpa01,paul-george-1
Cole Aldrich,aldrico01,cole-aldrich-1
Xavier Henry,henryxa01,xavier-henry-1
Ed Davis,davised01,ed-davis-1
Patrick Patterson,pattepa01,patrick-patterson-1
Larry Sanders,sandela01,larry-sanders-1
Luke Babbitt,babbilu01,luke-babbitt-1
Kevin Séraphin,serapke01,
Eric Bledsoe,bledser01,eric-bledsoe-1
Avery Bradley,bradlav01,avery-bradley-1
James Anderson,anderja01,james-anderson-3
Craig Brackins,brackcr01,craig-brackins-1
Elliot Williams,williel01,elliot-williams-1
Trevor Booker,booketr01,trevor-booker-1
Damion James,jamesda01,damion-james-1
Dominique Jones,jonesdo02,dominique-jones-1
Quincy Pondexter,pondequ01,quincy-pondexter-1
Jordan Crawford,crawfjo02,jordan-crawford-1
Greivis Vásquez,vasqugr01,greivis-vasquez-1
Daniel Orton,ortonda01,daniel-orton-1
Lazar Hayward,haywala01,lazar-hayward-1
Tibor Pleiß,pleisti01,
Dexter Pittman,pittmde01,dexter-pittman-1
Hassan Whiteside,whiteha01,hassan-whiteside-1
Armon Johnson,johnsar02,armon-johnson-1
Nemanja Bjelica,bjeline01,
Darington Hobson,hobsoda01,darington-hobson-1
Andy Rautins,rautian01,andy-rautins-1
Landry Fields,fieldla01,landry-fields-1
Lance Stephenson,stephla01,lance-stephenson-1
Jarvis Varnado,varnaja01,jarvis-varnado-1
Devin Ebanks,ebankde01,devin-ebanks-1
Jerome Jordan,jordaje01,jerome-jordan-1
Paulo Prestes,prestpa01,
Gani Lawal,lawalga01,gani-lawal-1
Latavious Williams,willila01,
Ryan Richards,richary01,
Solomon Alabi,alabiso01,solomon-alabi-1
Luke Harangody,haranlu01,luke-harangody-1
Pape Sy,sypa01,
Willie Warren,warrewi01,willie-warren-1
Jeremy Evans,evansje01,jeremy-evans-1
Hamady N'Diaye,ndiayha01,hamady-ndiaye-1
Ryan Reid,reidry01,ryan-reid-1
Derrick Caracter,caracde01,derrick-caracter-1
Dwayne Collins,collidw01,dwayne-collins-1
Kyrie Irving,irvinky01,kyrie-irving-1
Derrick Williams,willide02,derrick-williams-2
Enes Kanter,kanteen01,
Tristan Thompson,thomptr01,tristan-thompson-2
Jonas Valančiūnas,valanjo01,
Jan Veselý,veselja01,
Bismack Biyombo,biyombi01,
Brandon Knight,knighbr03,brandon-knight-1
Kemba Walker,walkeke02,kemba-walker-1
Jimmer Fredette,fredeji01,jimmer-fredette-1
Klay Thompson,thompkl01,klay-thompson-1
Alec Burks,burksal01,alec-burks-1
Markieff Morris,morrima02,markieff-morris-1
Marcus Morris,morrima03,marcus-morris-1
Kawhi Leonard,leonaka01,kawhi-leonard-1
Nikola Vučević,vucevni01,nikola-vucevic-1
Iman Shumpert,shumpim01,iman-shumpert-1
Chris Singleton,singlch01,chris-singleton-1
Tobias Harris,harrito02,tobias-harris-1
Donatas Motiejūnas,motiedo01,
Nolan Smith,smithno01,nolan-smith-1
Kenneth Faried,farieke01,kenneth-faried-1
Nikola Mirotić,mirotni01,
Reggie Jackson,jacksre01,reggie-jackson-1
MarShon Brooks,brookma01,marshon-brooks-1
Jordan Hamilton,hamiljo02,jordan-hamilton-2
JaJuan Johnson,johnsja02,jajuan-johnson-1
Norris Cole,coleno01,norris-cole-1
Cory Joseph,josepco01,cory-joseph-1
Jimmy Butler,butleji01,jimmy-butler-1
Bojan Bogdanović,bogdabo02,
Justin Harper,harpeju01,justin-harper-1
Kyle Singler,singlky01,kyle-singler-1
Shelvin Mack,macksh01,shelvin-mack-1
Tyler Honeycutt,honeyty01,tyler-honeycutt-1
Jordan Williams,willijo03,jordan-williams-1
Trey Thompkins,thomptr02,trey-thompkins-1
Chandler Parsons,parsoch01,chandler-parsons-1
Jeremy Tyler,tylerje01,
Jon Leuer,leuerjo01,jon-leuer-1
Darius Morris,morrida01,darius-morris-1
Dāvis Bertāns,bertada01,
Malcolm Lee,leema01,malcolm-lee-1
Charles Jenkins,jenkich01,charles-jenkins-1
Josh Harrellson,harrejo01,josh-harrellson-1
Andrew Goudelock,goudean01,andrew-goudelock-1
Travis Leslie,leslitr01,travis-leslie-1
Keith Benson,bensoke02,keith-benson-1
Josh Selby,selbyjo01,josh-selby-1
Lavoy Allen,allenla01,lavoy-allen-1
Jon Diebler,diebljo01,jon-diebler-1
Vernon Macklin,macklve01,vernon-macklin-1
DeAndre Liggins,liggide01,deandre-liggins-1
Milan Mačvan,macvami01,
E'Twaun Moore,mooreet01,etwaun-moore-1
Chukwudiebere Maduabum,maduach01,
Ater Majok,majokat01,ater-majok-1
Ádám Hanga,hangaad01,
Isaiah Thomas,thomais02,isaiah-thomas-1
Anthony Davis,davisan02,anthony-davis-5
Michael Kidd-Gilchrist,kiddgmi01,michael-kidd-gilchrist-1
Bradley Beal,bealbr01,bradley-beal-1
Dion Waiters,waitedi01,dion-waiters-1
Thomas Robinson,robinth01,thomas-robinson-2
Damian Lillard,lillada01,damian-lillard-1
Harrison Barnes,barneha02,harrison-barnes-1
Terrence Ross,rosste01,terrence-ross-1
Andre Drummond,drumman01,andre-drummond-1
Austin Rivers,riverau01,austin-rivers-1
Meyers Leonard,leoname01,meyers-leonard-1
Jeremy Lamb,lambje01,jeremy-lamb-1
Kendall Marshall,marshke01,kendall-marshall-1
John Henson,hensojo01,john-henson-1
Maurice Harkless,harklma01,maurice-harkless-1
Royce White,whitero03,royce-white-1
Tyler Zeller,zellety01,tyler-zeller-1
Terrence Jones,joneste01,terrence-jones-1
Andrew Nicholson,nichoan01,andrew-nicholson-1
Evan Fournier,fournev01,
Jared Sullinger,sullija01,jared-sullinger-1
Fab Melo,melofa01,fab-melo-1
John Jenkins,jenkijo01,john-jenkins-1
Jared Cunningham,cunnija01,jared-cunningham-2
Tony Wroten,wroteto01,tony-wroten-1
Miles Plumlee,plumlmi01,miles-plumlee-1
Arnett Moultrie,moultar01,arnett-moultrie-1
Perry Jones,jonespe01,perry-jones-1
Marquis Teague,teaguma01,marquis-teague-1
Festus Ezeli,ezelife01,festus-ezeli-1
Jeffery Taylor,tayloje03,jeffery-taylor-1
Tomáš Satoranský,satorto01,
Bernard James,jamesbe01,bernard-james--1
Jae Crowder,crowdja01,jae-crowder-1
Draymond Green,greendr01,draymond-green-1
Orlando Johnson,johnsor01,orlando-johnson-1
Quincy Acy,acyqu01,quincy-acy-1
Quincy Miller,millequ01,quincy-miller-1
Khris Middleton,middlkh01,khris-middleton-1
Will Barton,bartowi01,will-barton-1
Tyshawn Taylor,tayloty01,tyshawn-taylor-1
Doron Lamb,lambdo01,doron-lamb-1
Mike Scott,scottmi01,mike-scott-4
Kim English,engliki01,kim-english-1
Justin Hamilton,hamilju01,justin-hamilton-2
Darius Miller,milleda01,darius-miller-1
Kevin Murphy,murphke01,kevin-murphy-1
Kostas Papanikolaou,papanko01,
Kyle O'Quinn,oquinky01,kyle-oquinn-1
İzzet Türkyılmaz,turkyiz01,
Kris Joseph,josepkr01,kris-joseph-1
Ognjen Kuzmić,kuzmiog01,
Furkan Aldemir,aldemfu01,
Tornike Shengelia,shengto01,
Darius Johnson-Odom,johnsda03,darius-johnson-odom-1
Tomislav Zubčić,zubcito01,
İlkan Karaman,karamil01,
Robbie Hummel,hummero01,robbie-hummel-1
Marcus Denmon,denmoma01,marcus-denmon-1
Robert Sacre,sacrero01,robert-sacre-1
Anthony Bennett,bennean01,anthony-bennett-1
Victor Oladipo,oladivi01,victor-oladipo-1
Otto Porter,porteot01,otto-porter-1
Cody Zeller,zelleco01,cody-zeller-1
Alex Len,lenal01,alex-len-1
Nerlens Noel,noelne01,nerlens-noel-1
Ben McLemore,mclembe01,ben-mclemore-1
Kentavious Caldwell-Pope,caldwke01,kentavious-caldwell-pope-1
Trey Burke,burketr01,trey-burke-1
CJ McCollum,mccolcj01,cj-mccollum-1
Michael Carter-Williams,cartemi01,michael-carter-williams-1
Steven Adams,adamsst01,steven-adams-1
Kelly Olynyk,olynyke01,kelly-olynyk-1
Shabazz Muhammad,muhamsh01,shabazz-muhammad-1
Giannis Antetokounmpo,antetgi01,
Lucas Nogueira,noguelu01,
Dennis Schröder,schrode01,
Shane Larkin,larkish01,shane-larkin-1
Sergey Karasev,karasse01,
Tony Snell,snellto01,tony-snell-1
Gorgui Dieng,dienggo01,gorgui-dieng-1
Mason Plumlee,plumlma01,mason-plumlee-1
Solomon Hill,hillso01,solomon-hill-1
Tim Hardaway,hardati02,tim-hardaway-jr-1
Reggie Bullock,bullore01,reggie-bullock-2
Andre Roberson,roberan03,andre-roberson-1
Rudy Gobert,goberru01,
Livio Jean-Charles,jeancli01,
Archie Goodwin,goodwar01,archie-goodwin-1
Nemanja Nedović,nedovne01,
Allen Crabbe,crabbal01,allen-crabbe-1
Álex Abrines,abrinal01,
Carrick Felix,felixca01,carrick-felix-1
Isaiah Canaan,canaais01,isaiah-canaan-1
Glen Rice,ricegl02,glen-rice-jr-1
Ray McCallum,mccalra01,ray-mccallum-2
Tony Mitchell,mitchto02,tony-mitchell-4
Nate Wolters,woltena01,nate-wolters-1
Jeff Withey,witheje01,jeff-withey-1
Grant Jerrett,jerregr01,grant-jerrett-1
Jamaal Franklin,frankja01,jamaal-franklin-1
Pierre Jackson,jackspi01,pierre-jackson-1
Ricky Ledo,ledori01,
Mike Muscala,muscami01,mike-muscala-1
Marko Todorović,todorma01,
Erick Green,greener01,erick-green-1
Raul Neto,netora01,
Ryan Kelly,kellyry01,ryan-kelly-3
Erik Murphy,murpher01,erik-murphy-1
James Ennis,ennisja01,james-ennis-1
Lorenzo Brown,brownlo01,lorenzo-brown-1
Colton Iverson,iversco01,colton-iverson-1
Arsalan Kazemi,kazemar01,arsalan-kazemi-1
Joffrey Lauvergne,lauvejo01,
Peyton Siva,sivape01,peyton-siva-1
Alex Oriakhi,oriakal01,alex-oriakhi-1
Deshaun Thomas,thomade01,deshaun-thomas-1
Bojan Dubljević,dubljbo01,
Jānis Timma,timmaja01,
Andrew Wiggins,wiggian01,andrew-wiggins-1
Jabari Parker,parkeja01,jabari-parker-1
Joel Embiid,embiijo01,joel-embiid-1
Aaron Gordon,gordoaa01,aaron-gordon-1
Dante Exum,exumda01,
Marcus Smart,smartma01,marcus-smart-1
Julius Randle,randlju01,julius-randle-1
Nik Stauskas,stausni01,nik-stauskas-1
Noah Vonleh,vonleno01,noah-vonleh-1
Elfrid Payton,paytoel01,elfrid-payton-1
Doug McDermott,mcderdo01,doug-mcdermott-1
Dario Šarić,saricda01,
Zach LaVine,lavinza01,zach-lavine-1
T.J. Warren,warretj01,tj-warren-1
Adreian Payne,paynead01,adreian-payne-1
Jusuf Nurkić,nurkiju01,
James Young,youngja01,james-young-1
Tyler Ennis,ennisty01,tyler-ennis-1
Gary Harris,harriga01,gary-harris-1
Bruno Caboclo,cabocbr01,
Mitch McGary,mcgarmi01,mitch-mcgary-1
Jordan Adams,adamsjo01,jordan-adams-1
Rodney Hood,hoodro01,rodney-hood-1
Shabazz Napier,napiesh01,shabazz-napier-1
Clint Capela,capelca01,
P.J. Hairston,hairspj02,pj-hairston-1
Bogdan Bogdanović,bogdabo01,
C.J. Wilcox,wilcocj01,cj-wilcox-1
Josh Huestis,huestjo01,josh-huestis-1
Kyle Anderson,anderky01,kyle-anderson-3
Damien Inglis,inglida01,
K.J. McDaniels,mcdankj01,kj-mcdaniels-1
Joe Harris,harrijo01,joe-harris--1
Cleanthony Early,earlycl01,cleanthony-early-1
Jarnell Stokes,stokeja01,jarnell-stokes-1
Johnny O'Bryant,obryajo01,johnny-obryant-1
DeAndre Daniels,daniede01,deandre-daniels-1
Spencer Dinwiddie,dinwisp01,spencer-dinwiddie-1
Jerami Grant,grantje01,jerami-grant-1
Glenn Robinson,robingl02,glenn-robinson-2
Nikola Jokić,jokicni01,
Nick Johnson,johnsni01,nick-johnson-1
Edy Tavares,tavarwa01,
Markel Brown,brownma02,markel-brown-1
Dwight Powell,poweldw01,dwight-powell-1
Jordan Clarkson,clarkjo01,jordan-clarkson-1
Russ Smith,smithru01,russ-smith-1
Lamar Patterson,pattela01,lamar-patterson-1
Cameron Bairstow,bairsca01,cameron-bairstow-1
Alec Brown,brownal01,alec-brown-1
Thanasis Antetokounmpo,antetth01,
Vasilije Micić,micicva01,
Alessandro Gentile,gential01,
Nemanja Dangubić,dangune01,
Semaj Christon,chrisse01,semaj-christon-1
Devyn Marble,marblde01,roy-devyn-marble-1
Louis Labeyrie,labeylo01,
Jordan McRae,mcraejo01,jordan-mcrae-1
Xavier Thames,thamexa01,xavier-thames-1
Cory Jefferson,jeffeco01,cory-jefferson-1
Karl-Anthony Towns,townska01,karl-anthony-towns-1
D'Angelo Russell,russeda01,dangelo-russell-1
Jahlil Okafor,okafoja01,jahlil-okafor-1
Kristaps Porziņģis,porzikr01,
Mario Hezonja,hezonma01,
Willie Cauley-Stein,caulewi01,willie-cauley-stein-1
Emmanuel Mudiay,mudiaem01,
Stanley Johnson,johnsst04,stanley-johnson-1
Frank Kaminsky,kaminfr01,frank-kaminsky-1
Justise Winslow,winslju01,justise-winslow-1
Myles Turner,turnemy01,myles-turner-1
Trey Lyles,lylestr01,trey-lyles-1
Devin Booker,bookede01,devin-booker-2
Cameron Payne,payneca01,cameron-payne-1
Kelly Oubre,oubreke01,kelly-oubre-1
Terry Rozier,roziete01,terry-rozier-1
Rashad Vaughn,vaughra01,rashad-vaughn-1
Sam Dekker,dekkesa01,sam-dekker-1
Jerian Grant,grantje02,jerian-grant-1
Delon Wright,wrighde01,delon-wright-1
Justin Anderson,anderju01,justin-anderson-1
Bobby Portis,portibo01,bobby-portis-1
Rondae Hollis-Jefferson,holliro01,rondae-hollis-jefferson-1
Tyus Jones,jonesty01,tyus-jones-1
Jarell Martin,martija01,jarell-martin-1
Nikola Milutinov,milutni01,
Larry Nance,nancela02,larry-nance-2
R.J. Hunter,hunterj01,rj-hunter-1
Chris McCullough,mcculch01,chris-mccullough-1
Kevon Looney,looneke01,kevon-looney-1
Cedi Osman,osmande01,
Montrezl Harrell,harremo01,montrezl-harrell-1
Jordan Mickey,mickejo01,jordan-mickey-1
Anthony Brown,brownan02,anthony-brown-5
Willy Hernangómez,hernawi01,
Rakeem Christmas,chrisra01,rakeem-christmas-1
Richaun Holmes,holmeri01,richaun-holmes-1
Darrun Hilliard,hillida01,darrun-hilliard-1
Juan Pablo Vaulet,vauleju01,
Josh Richardson,richajo01,josh-richardson-2
Pat Connaughton,connapa01,pat-connaughton-1
Olivier Hanlan,hanlaol01,olivier-hanlan-1
Joe Young,youngjo01,joseph-young-1
Andrew Harrison,harrian01,andrew-harrison-1
Marcus Thornton,thornma02,marcus-thornton-3
Norman Powell,powelno01,norman-powell-1
Artūras Gudaitis,gudaiar01,
Dakari Johnson,johnsda04,dakari-johnson-1
Aaron White,whiteaa01,aaron-white-3
Marcus Eriksson,eriksma01,
Tyler Harvey,harvety01,tyler-harvey-1
Satnam Singh Bhamara,singhsa01,
Sir'Dominic Pointer,pointsi01,sirdominic-pointer-1
Dani Díez de la Faya,diezda01,
Cady Lalanne,lalanca01,cady-lalanne-1
Branden Dawson,dawsobr01,branden-dawson-1
Nikola Radičević,radicni01,
J.P. Tokoto,tokotjp01,jp-tokoto-1
Dimitrios Agravanis,agravdi01,
Luka Mitrović,mitrolu01,
Ben Simmons,simmobe01,ben-simmons-1
Brandon Ingram,ingrabr01,brandon-ingram-1
Jaylen Brown,brownja02,jaylen-brown-1
Dragan Bender,bendedr01,
Kris Dunn,dunnkr01,kris-dunn-1
Buddy Hield,hieldbu01,buddy-hield-1
Jamal Murray,murraja01,jamal-murray-1
Marquese Chriss,chrisma01,marquese-chriss-1
Jakob Pöltl,poeltja01,jakob-poeltl-1
Thon Maker,makerth01,
Domantas Sabonis,sabondo01,domantas-sabonis-1
Taurean Waller-Prince,princta02,taurean-prince-1
Georgios Papagiannis,papagge01,
Denzel Valentine,valende01,denzel-valentine-1
Juan Hernangómez,hernaju01,
Guerschon Yabusele,yabusgu01,
Wade Baldwin,baldwwa01,wade-baldwin-1
Henry Ellenson,ellenhe01,henry-ellenson-1
Malik Beasley,beaslma01,malik-beasley-1
Caris LeVert,leverca01,caris-levert-1
DeAndre' Bembry,bembrde01,deandre-bembry-1
Malachi Richardson,richama01,malachi-richardson-1
Ante Žižić,zizican01,
Timothé Luwawu-Cabarrot,luwawti01,
Brice Johnson,johnsbr02,brice-johnson-1
Furkan Korkmaz,korkmfu01,
Pascal Siakam,siakapa01,pascal-siakam-1
Skal Labissière,labissk01,skal-labissiere-1
Dejounte Murray,murrade01,dejounte-murray-1
Damian Jones,jonesda03,damian-jones-1
Deyonta Davis,davisde01,deyonta-davis-1
Ivica Zubac,zubaciv01,
Cheick Diallo,diallch01,cheick-diallo-1
Tyler Ulis,ulisty01,tyler-ulis-1
Rade Zagorac,zagorra01,
Malcolm Brogdon,brogdma01,malcolm-brogdon-1
Chinanu Onuaku,onuakch01,chinanu-onuaku-1
Patrick McCaw,mccawpa01,patrick-mccaw-1
David Michineau,michida01,
Diamond Stone,stonedi01,diamond-stone-1
Stephen Zimmerman,zimmest01,stephen-zimmermanjr-1
Isaiah Whitehead,whiteis01,isaiah-whitehead-1
Zhou Qi,qizh01,
Isaïa Cordinier,cordiis01,
Demetrius Jackson,jacksde01,demetrius-jackson-2
A.J. Hammons,hammoaj01,aj-hammons-1
Jake Layman,laymaja01,jake-layman-1
Paul Zipser,zipsepa01,
Michael Gbinije,gbinimi01,michael-gbinije-1
Georges Niang,niangge01,georges-niang-1
Ben Bentil,bentibe01,ben-bentil-1
Joel Bolomboy,bolomjo01,joel-bolomboy-1
Petr Cornelie,cornepe01,
Kay Felder,feldeka01,kahlil-felder-1
Marcus Paige,paigema01,marcus-paige-1
Daniel Hamilton,hamilda02,daniel-hamilton-1
Wang Zhelin,sheliwa01,
Abdel Nader,naderab01,abdel-nader-1
Isaiah Cousins,cousiis01,isaiah-cousins-1
Tyrone Wallace,wallaty01,tyrone-wallace-1
Markelle Fultz,fultzma01,markelle-fultz-1
Lonzo Ball,balllo01,lonzo-ball-1
Jayson Tatum,tatumja01,jayson-tatum-1
Josh Jackson,jacksjo02,josh-jackson-2
De'Aaron Fox,foxde01,deaaron-fox-1
Jonathan Isaac,isaacjo01,jonathan-isaac-1
Lauri Markkanen,markkla01,lauri-markkanen-1
Frank Ntilikina,ntilila01,
Dennis Smith,smithde03,dennis-smithjr-1
Zach Collins,colliza01,zach-collins-1
Malik Monk,monkma01,malik-monk-1
Luke Kennard,kennalu01,luke-kennard-1
Donovan Mitchell,mitchdo01,donovan-mitchell-1
Bam Adebayo,adebaba01,edrice-adebayo-1
Justin Jackson,jacksju01,justin-jackson-4
Justin Patton,pattoju01,justin-patton-1
D.J. Wilson,wilsodj01,dj-wilson-1
T.J. Leaf,leaftj01,tj-leaf-1
John Collins,collijo01,john-collins-1
Harry Giles,gilesha01,harry-giles-1
Terrance Ferguson,fergute01,
Jarrett Allen,allenja01,jarrett-allen-1
OG Anunoby,anunoog01,og-anunoby-1
Tyler Lydon,lydonty01,tyler-lydon-1
Anžejs Pasečņiks,pasecan01,
Caleb Swanigan,swanica01,caleb-swanigan-1
Kyle Kuzma,kuzmaky01,kyle-kuzma-1
Tony Bradley,bradlto01,tony-bradley-1
Derrick White,whitede01,derrick-white-1
Josh Hart,hartjo01,josh-hart-1
Frank Jackson,jacksfr01,frank-jackson-2
Davon Reed,reedda01,davon-reed-1
Wesley Iwundu,iwundwe01,wesley-iwundu-1
Frank Mason,masonfr01,frank-mason-1
Ivan Rabb,rabbiv01,ivan-rabb-1
Jonah Bolden,boldejo01,jonah-bolden-1
Semi Ojeleye,ojelese01,semi-ojeleye-1
Jordan Bell,belljo01,jordan-bell-1
Jawun Evans,evansja01,jawun-evans-1
Dwayne Bacon,bacondw01,dwayne-bacon-1
Tyler Dorsey,dorsety01,tyler-dorsey-1
Thomas Bryant,bryanth01,thomas-bryant-1
Isaiah Hartenstein,harteis01,
Damyean Dotson,dotsoda01,damyean-dotson-1
Dillon Brooks,brookdi01,dillon-brooks-1
Sterling Brown,brownst02,sterling-brown-2
Ike Anigbogu,anigbik01,ike-anigbogu-1
Sindarius Thornwell,thornsi01,sindarius-thornwell-1
Vlatko Čančar,cancavl01,
Mathias Lessort,lessoma01,
Monte Morris,morrimo01,monte-morris-1
Edmond Sumner,sumneed01,edmond-sumner-1
Kadeem Allen,allenka01,kadeem-allen-1
Alec Peters,peteral01,alec-peters-1
Nigel Williams-Goss,willini01,nigel-williams-goss-1
Jabari Bird,birdja01,jabari-bird-1
Aleksandar Vezenkov,vezenal01,
Ognjen Jaramaz,jaramog01,
Jaron Blossomgame,blossja01,jaron-blossomgame-1
Alpha Kaba,kabaal01,
Deandre Ayton,aytonde01,deandre-ayton-1
Marvin Bagley,baglema01,marvin-bagleyiii-1
Luka Dončić,doncilu01,
Jaren Jackson,jacksja02,jaren-jacksonjr-1
Trae Young,youngtr01,trae-young-1
Mohamed Bamba,bambamo01,mohamed-bamba-1
Wendell Carter,cartewe01,wendell-carterjr-1
Collin Sexton,sextoco01,collin-sexton-1
Kevin Knox,knoxke01,kevin-knox-1
Mikal Bridges,bridgmi01,mikal-bridges-1
Shai Gilgeous-Alexander,gilgesh01,shai-gilgeous-alexander-1
Miles Bridges,bridgmi02,miles-bridges-1
Jerome Robinson,robinje01,jerome-robinson-2
Michael Porter,portemi01,michael-porterjr-1
Troy Brown,browntr01,troy-brown-5
Zhaire Smith,smithzh01,zhaire-smith-1
Donte DiVincenzo,divindo01,donte-divincenzo-1
Lonnie Walker,walkelo01,lonnie-walker-2
Kevin Huerter,huertke01,kevin-huerter-1
Josh Okogie,okogijo01,josh-okogie-1
Grayson Allen,allengr01,grayson-allen-1
Chandler Hutchison,hutchch01,chandler-hutchison-1
Aaron Holiday,holidaa01,aaron-holiday-1
Anfernee Simons,simonan01,
Moritz Wagner,wagnemo01,moritz-wagner-1
Landry Shamet,shamela01,landry-shamet-1
Robert Williams,williro04,robert-williams-3
Jacob Evans,evansja02,jacob-evans-1
Džanan Musa,musadz01,
Omari Spellman,spellom01,omari-spellman-1
Élie Okobo,okoboel01,
Jevon Carter,carteje01,jevon-carter-1
Jalen Brunson,brunsja01,jalen-brunson-1
Devonte' Graham,grahade01,devonte-graham-1
Melvin Frazier,frazime01,melvin-frazier-1
Mitchell Robinson,robinmi01,
Gary Trent,trentga02,gary-trentjr-1
Khyri Thomas,thomakh01,khyri-thomas-1
Isaac Bonga,bongais01,
Rodions Kurucs,kurucro01,
Jarred Vanderbilt,vandeja01,jarred-vanderbilt-1
Bruce Brown,brownbr01,bruce-brown-2
Justin Jackson,jacksju02,justin-jackson-5
Issuf Sanon,sanonis01,
Hamidou Diallo,diallha01,hamidou-diallo-1
De'Anthony Melton,meltode01,deanthony-melton-1
Sviatoslav Mykhailiuk,mykhasv01,sviatoslav-mykhailiuk-1
Keita Bates-Diop,bateske01,keita-bates-diop-1
Chimezie Metu,metuch01,chimezie-metu-1
Alize Johnson,johnsal02,alize-johnson-1
Tony Carr,carrto01,tony-carr-1
Vince Edwards,edwarvi01,vince-edwards-2
Devon Hall,hallde01,devon-hall-1
Shake Milton,miltosh01,malik-milton-1
Arnoldas Kulboka,kulboar01,
Ray Spalding,spaldra01,raymond-spalding-1
Kevin Hervey,herveke01,kevin-hervey-1
Thomas Welsh,welshth01,thomas-welsh-1
George King,kingge03,george-king-1
Kostas Antetokounmpo,antetko01,kostas-antetokounmpo-1
Zion Williamson,willizi01,zion-williamson-1
Ja Morant,moranja01,temetrius-morant-1
RJ Barrett,barrerj01,rj-barrett-1
De'Andre Hunter,huntede01,deandre-hunter-1
Darius Garland,garlada01,darius-garland-1
Jarrett Culver,culveja01,jarrett-culver-1
Coby White,whiteco01,coby-white-1
Jaxson Hayes,hayesja02,jaxson-hayes-1
Rui Hachimura,hachiru01,rui-hachimura-1
Cam Reddish,reddica01,cam-reddish-1
Cameron Johnson,johnsca02,cameron-johnson-4
PJ Washington,washipj01,pj-washington-1
Tyler Herro,herroty01,tyler-herro-1
Romeo Langford,langfro01,romeo-langford-1
Sekou Doumbouya,doumbse01,
Chuma Okeke,okekech01,chuma-okeke-1
Nickeil Alexander-Walker,alexani01,nickeil-alexander-walker-1
Goga Bitadze,bitadgo01,
Luka Šamanić,samanlu01,
Matisse Thybulle,thybuma01,matisse-thybulle-1
Brandon Clarke,clarkbr01,brandon-clarke-1
Grant Williams,willigr01,grant-williams-1
Darius Bazley,bazleda01,
Ty Jerome,jeromty01,ty-jerome-1
Nassir Little,littlna01,nassir-little-1
Dylan Windler,windldy01,dylan-windler-1
Mfiondu Kabengele,kabenmf01,mfiondu-kabengele-1
Jordan Poole,poolejo01,jordan-poole-1
Keldon Johnson,johnske04,keldon-johnson-1
Kevin Porter,porteke02,kevin-porterjr-1
Nicolas Claxton,claxtni01,nicolas-claxton-1
KZ Okpala,okpalkz01,kezie-okpala-1
Carsen Edwards,edwarca01,carsen-edwards-1
Bruno Fernando,fernabr01,bruno-fernando-1
Marcos Louzada Silva,louzama01,
Cody Martin,martico01,cody-martin-1
Deividas Sirvydis,sirvyde01,
Daniel Gafford,gaffoda01,daniel-gafford-1
Alen Smailagić,smailal01,
Justin James,jamesju01,justin-james-2
Eric Paschall,pascher01,eric-paschall-1
Admiral Schofield,schofad01,admiral-schofield-1
Jaylen Nowell,nowelja01,jaylen-nowell-1
Bol Bol,bolbo01,bol-bol-1
Isaiah Roby,robyis01,isaiah-roby-1
Talen Horton-Tucker,hortota01,talen-horton-tucker-1
Ignas Brazdeikis,brazdig01,ignas-brazdeikis-1
Terance Mann,mannte01,terance-mann-1
Quinndary Weatherspoon,weathqu01,quinndary-weatherspoon-1
Jarrell Brantley,brantja01,jarrell-brantley-1
Tremont Waters,watertr01,tremont-waters-1
Jalen McDaniels,mcdanja01,jalen-mcdaniels-1
Justin Wright-Foreman,wrighju02,justin-wright-foreman-1
Marial Shayok,shayoma01,marial-shayok-1
Kyle Guy,guyky01,kyle-guy-1
Jaylen Hands,handsja01,jaylen-hands-1
Jordan Bone,bonejo01,jordan-bone-1
Miye Oni,onimi01,miye-oni-1
Dewan Hernandez,hernade01,dewan-huell-1
Vanja Marinković,marinva01,
